New York Snow Depth, January 2018
"GHCN ID","Station Name",County,Elevation,Latitude,Longitude,"Jan 1","Jan 2","Jan 3","Jan 4","Jan 5","Jan 6","Jan 7","Jan 8","Jan 9"
USC00300023,"ADDISON","STEUBEN",999,-77.23,42.10,2.0,2.0,M,2.0,2.0,M,M,M,M
US1NYAB0023,"ALBANY 0.7 SW","ALBANY",256,-73.81,42.66,3.5,3.5,3.5,3.5,7.0,7.0,6.5,6.0,M
USW00014735,"ALBANY INTL AIRPORT","ALBANY",280,-73.80,42.75,3.1,3.1,3.1,3.1,5.1,5.1,M,M,M
US1NYNS0042,"ALBERTSON 0.2 SSE","NASSAU",142,-73.65,40.77,M,M,M,M,14.5,M,M,M,M
USC00300063,"ALCOVE DAM","ALBANY",607,-73.93,42.47,4.0,4.0,4.0,4.0,6.0,6.0,6.0,6.0,M
USC00300085,"ALFRED","ALLEGANY",1706,-77.76,42.25,4.0,5.0,4.0,4.0,4.0,4.0,4.0,3.0,M
US1NYCT0011,"ALLEGANY 4.7 N","CATTARAUGUS",1667,-78.49,42.16,6.5,7.5,6.5,6.0,6.5,7.5,7.0,6.5,M
USC00300093,"ALLEGANY STATE PARK","CATTARAUGUS",1500,-78.75,42.10,5.0,5.0,6.0,6.0,7.0,9.0,0.0,M,M
US1NYAB0001,"ALTAMONT 2.7 SSW","ALBANY",1460,-74.05,42.67,4.5,4.5,4.5,M,7.0,7.0,6.0,M,M
US1NYER0098,"AMHERST 5.4 NNE","ERIE",580,-78.76,43.05,7.0,8.0,7.5,7.0,8.5,8.5,8.0,8.0,M
USC00300183,"ANGELICA","ALLEGANY",1475,-78.02,42.31,M,6.0,6.0,6.0,6.0,6.0,6.0,6.0,M
US1NYTG0003,"APALACHIN 3.0 ESE","TIOGA",910,-76.12,42.05,M,M,M,M,M,M,M,1.5,M
US1NYWC0018,"ARMONK 0.3 SE","WESTCHESTER",385,-73.71,41.13,2.0,2.0,1.5,3.0,10.0,9.5,6.5,6.0,M
USC00300317,"ATTICA 7 SW","WYOMING",1365,-78.40,42.81,11.0,12.0,10.0,10.0,10.0,9.0,7.0,M,M
USC00300321,"AUBURN","CAYUGA",770,-76.54,42.93,5.0,8.0,6.0,6.0,11.0,12.0,12.0,11.0,M
US1NYCY0008,"AUBURN 8.3 SSE","CAYUGA",1050,-76.49,42.83,3.0,3.5,4.0,3.5,6.0,5.0,4.5,4.0,M
US1NYCY0026,"AURORA 2.4 N","CAYUGA",501,-76.70,42.79,3.5,3.5,3.0,2.5,3.0,M,M,M,M
USC00300331,"AURORA RESEARCH FARM","CAYUGA",830,-76.66,42.73,3.0,4.0,4.0,4.0,4.0,3.0,3.0,3.0,M
US1NYRN0001,"AVERILL PARK 0.9 WNW","RENSSELAER",633,-73.57,42.64,4.0,4.0,4.0,3.5,12.0,11.0,10.5,9.5,M
USC00300343,"AVON","LIVINGSTON",545,-77.76,42.92,5.0,5.0,5.0,5.0,5.0,5.0,5.0,5.0,M
USC00300364,"BAITING HOLLOW","SUFFOLK",70,-72.74,40.93,1.0,1.0,1.0,3.0,14.0,13.0,13.0,10.0,M
USC00300379,"BALDWINSVILLE","ONONDAGA",379,-76.33,43.15,M,6.0,6.0,5.0,M,M,M,5.0,M
US1NYOG0046,"BALDWINSVILLE 3.5 NE","ONONDAGA",390,-76.29,43.20,10.5,12.0,10.5,10.0,15.5,16.0,14.5,14.0,M
US1NYSR0016,"BALLSTON SPA 2.9 ESE","SARATOGA",363,-73.80,42.99,11.0,10.0,10.0,M,M,6.0,5.0,M,M
USC00300443,"BATAVIA","GENESEE",913,-78.17,43.03,0.0,1.0,1.0,1.0,0.0,M,M,M,M
US1NYSF0034,"BAY SHORE 0.5 ESE","SUFFOLK",4,-73.24,40.72,M,M,M,M,12.4,M,M,M,M
US1NYPT0002,"BEACON 4.2 ESE","PUTNAM",854,-73.89,41.48,2.5,2.4,2.4,2.4,5.8,5.5,5.3,5.3,M
USC00300608,"BENNETTS BRIDGE","OSWEGO",660,-75.95,43.53,M,28.0,28.0,0.0,28.0,M,M,30.0,M
US1NYTG0015,"BERKSHIRE 1.9 ENE","TIOGA",1545,-76.22,42.32,6.5,7.0,6.5,5.5,7.0,7.0,7.5,7.0,M
US1NYTG0005,"BERKSHIRE 2.0 N","TIOGA",1100,-76.19,42.33,4.0,4.5,4.0,4.0,5.0,5.0,5.0,4.5,M
US1NYST0004,"BIG FLATS 2.0 W","STEUBEN",935,-76.97,42.14,0.5,0.5,0.5,0.5,0.5,T,T,T,M
USC00300668,"BIG MOOSE 3 SE","HERKIMER",1759,-74.87,43.80,M,M,M,24.0,24.0,M,M,M,M
USW00004725,"BINGHAMTON (GREATER  AP)","BROOME",1595,-75.98,42.21,3.9,3.9,3.9,3.9,5.1,5.1,M,M,M
US1NYBM0024,"BINGHAMTON 1.3 ENE","BROOME",851,-75.89,42.11,2.0,2.5,2.0,2.0,2.5,2.0,2.0,1.5,M
USC00300684,"BINGHAMTON WFO","BROOME",1600,-75.99,42.21,4.0,4.0,4.0,5.0,5.0,5.0,M,M,M
US1NYER0060,"BLASDELL 1.5 SSW","ERIE",630,-78.84,42.78,1.5,1.5,1.5,2.0,2.0,2.0,M,T,M
US1NYOD0004,"BOONVILLE 0.2 NW","ONEIDA",1135,-75.33,43.48,M,M,M,M,M,M,M,17.5,M
USC00300785,"BOONVILLE 4 SSW","ONEIDA",1549,-75.37,43.44,16.0,16.0,17.0,16.0,17.0,17.0,17.0,16.0,M
US1NYER0065,"BOSTON 1.5 NE","ERIE",1561,-78.72,42.65,22.0,20.0,18.0,17.0,16.5,16.0,16.0,14.5,M
USC00300870,"BREWERTON LOCK 23","ONONDAGA",377,-76.20,43.24,M,11.0,11.0,8.0,14.0,M,M,12.0,M
USC00300889,"BRIDGEHAMPTON","SUFFOLK",42,-72.30,40.95,M,M,M,1.0,8.0,M,M,M,M
US1NYOT0004,"BRIDGEWATER 4.3 SSE","OTSEGO",1060,-75.23,42.82,M,4.0,4.0,4.0,5.5,5.5,5.0,4.5,M
USC00300937,"BROCKPORT","MONROE",498,-77.95,43.22,13.0,14.0,12.0,12.0,12.0,14.0,12.0,M,M
US1NYMR0015,"BROCKPORT 0.6 WNW","MONROE",386,-77.95,43.22,13.5,12.0,12.0,12.5,14.0,12.0,12.0,M,M
US1NYKN0025,"BROOKLYN 3.1 NW","KINGS",18,-73.99,40.68,0.5,0.5,0.0,M,M,M,M,M,M
US1NYER0109,"BUFFALO 6.7 N","ERIE",619,-78.87,42.99,M,7.5,M,M,M,M,M,M,M
USW00014733,"BUFFALO NIAGARA INTL","ERIE",716,-78.74,42.94,5.9,5.9,7.9,7.1,7.1,M,M,M,M
USC00301068,"BUSKIRK","RENSSELAER",499,-73.43,42.94,5.0,5.0,5.0,5.0,9.0,9.0,9.0,9.0,M
USC00301102,"CALLICOON CENTER","SULLIVAN",1221,-74.95,41.83,5.0,5.0,M,5.0,M,M,6.0,6.0,M
US1NYOG0010,"CAMILLUS 1.0 W","ONONDAGA",812,-76.33,43.04,7.0,9.5,10.0,9.0,M,M,M,M,M
US1NYTG0020,"CANDOR 1.8 N","TIOGA",1103,-76.34,42.25,M,4.0,M,3.0,5.0,M,M,M,M
USW00014743,"CANTON 4 SE","ST. LAWRENCE",448,-75.11,44.58,9.0,M,M,M,M,M,M,M,M
USC00301211,"CARMEL 4N","PUTNAM",680,-73.65,41.47,1.0,1.0,1.0,2.0,9.0,9.0,8.0,7.0,M
US1NYTM0006,"CAROLINE CENTER 0.1 SE","TOMPKINS",1589,-76.32,42.35,7.6,8.0,7.0,6.0,M,M,M,M,M
US1NYJF0011,"CARTHAGE 2.0 SW","JEFFERSON",783,-75.63,43.96,M,M,M,18.0,M,M,M,M,M
US1NYMD0010,"CAZENOVIA 2.9 SE","MADISON",1463,-75.81,42.90,5.0,5.5,4.5,M,11.0,10.5,10.0,10.0,M
USC00301309,"CENTERPORT","SUFFOLK",30,-73.37,40.88,0.0,0.0,0.0,2.0,12.0,10.0,9.0,9.0,M
US1NYER0122,"CHEEKTOWAGA 2.4 NW","ERIE",671,-78.78,42.93,4.5,4.5,5.0,5.5,6.5,6.0,6.0,5.5,M
US1NYER0102,"CHEEKTOWAGA 2.7 NE","ERIE",703,-78.72,42.94,6.0,6.0,8.0,7.0,7.0,6.0,6.0,6.0,M
US1NYCM0024,"CHEMUNG 5.7 N","CHEMUNG",1069,-76.63,42.09,1.5,2.0,1.5,1.5,1.5,1.0,1.0,1.0,M
US1NYMD0016,"CHITTENANGO 2.1 ESE","MADISON",683,-75.83,43.03,5.0,M,6.0,M,9.0,10.5,M,11.5,M
US1NYER0051,"CLARENCE CENTER 0.9 N","ERIE",627,-78.63,43.02,M,7.0,8.0,9.0,9.5,9.5,M,M,M
US1NYOG0012,"CLAY 4.6 NW","ONONDAGA",380,-76.26,43.20,10.5,12.0,11.0,10.0,15.0,17.0,17.0,15.0,M
US1NYSR0029,"CLIFTON PARK 2.7 S","SARATOGA",289,-73.79,42.82,M,5.5,M,M,M,M,M,M,M
USC00301595,"COBLESKILL 2 ESE","SCHOHARIE",1169,-74.44,42.67,2.0,2.0,2.0,2.0,4.0,5.0,4.0,4.0,M
US1NYPT0004,"COLD SPRING 8.1 NE","PUTNAM",451,-73.84,41.50,2.3,2.3,2.1,1.9,6.0,3.8,3.8,3.6,M
USC00301625,"COLDEN 1W","ERIE",1535,-78.71,42.65,18.0,20.0,17.0,17.0,16.0,15.0,14.0,14.0,M
US1NYER0077,"COLDEN 2.4 ENE","ERIE",1650,-78.61,42.65,20.5,20.0,18.5,18.0,18.5,18.0,17.0,17.0,M
USC00301708,"CONKLINGVILLE DAM","SARATOGA",808,-73.93,43.32,M,10.0,10.0,10.0,11.0,M,M,11.0,M
USC00301752,"COOPERSTOWN","OTSEGO",1257,-74.93,42.72,5.0,5.0,5.0,5.0,5.0,5.0,M,M,M
USC00301787,"CORNING","STEUBEN",1147,-77.07,42.13,1.0,1.0,1.0,1.0,1.0,1.0,1.0,1.0,M
US1NYOR0002,"CORNWALL ON HUDSON 0.6 NNW","ORANGE",167,-74.02,41.45,M,M,2.0,8.0,M,M,M,M,M
US1NYLW0010,"CROGHAN 6.2 N","LEWIS",1040,-75.37,43.98,14.5,14.5,24.0,24.0,21.0,19.5,18.5,17.5,M
USC00301974,"DANSVILLE","LIVINGSTON",660,-77.72,42.56,4.0,4.0,M,2.0,2.0,2.0,2.0,1.0,M
US1NYLV0005,"DANSVILLE 1.0 ENE","LIVINGSTON",1505,-77.68,42.57,M,M,3.0,M,M,M,M,M,M
US1NYLV0001,"DANSVILLE 3.6 WSW","LIVINGSTON",1516,-77.76,42.53,4.0,4.0,4.0,3.5,4.0,4.0,4.0,3.5,M
US1NYOG0002,"DE WITT 1.4 WSW","ONONDAGA",630,-76.10,43.03,7.0,8.0,7.0,6.0,14.5,16.0,16.0,M,M
USC00302031,"DELANSON 2NE","SCHENECTADY",984,-74.17,42.77,4.0,4.0,4.0,4.0,7.0,7.0,7.0,6.0,M
USC00302036,"DELHI 2 SE","DELAWARE",1460,-74.90,42.25,3.0,3.0,3.0,4.0,7.0,7.0,7.0,7.0,M
US1NYHR0012,"DOLGEVILLE 1.9 NW","HERKIMER",1026,-74.80,43.12,8.0,8.0,M,M,M,M,M,M,M
US1NYSY0012,"DUNDEE 5.7 ESE","SCHUYLER",922,-76.87,42.50,M,M,1.0,0.5,0.5,0.5,0.5,M,M
US1NYSY0011,"DUNDEE 6.2 E","SCHUYLER",1089,-76.86,42.52,3.5,4.0,4.0,4.0,4.0,M,4.0,4.0,M
USC00302197,"DUNKIRK","CHAUTAUQUA",631,-79.33,42.47,9.5,7.0,6.0,6.0,5.5,5.0,5.5,5.0,M
US1NYOD0023,"DURHAMVILLE 3.5 NNW","ONEIDA",394,-75.68,43.17,5.5,7.5,6.5,5.5,3.5,7.0,6.5,6.5,M
US1NYMD0009,"EARLVILLE 0.4 W","MADISON",1080,-75.55,42.74,2.0,3.0,2.0,2.0,4.0,4.0,4.0,4.5,M
US1NYMD0011,"EARLVILLE 1.6 NNW","MADISON",1091,-75.56,42.76,M,3.0,M,3.7,M,M,M,M,M
US1NYER0054,"EAST AMHERST 1.2 WNW","ERIE",584,-78.72,43.02,M,M,M,7.5,8.5,M,M,M,M
US1NYER0050,"EAST AURORA 0.1 ENE","ERIE",919,-78.62,42.77,9.0,9.0,9.0,8.5,9.5,9.5,9.5,9.0,M
US1NYER0066,"EAST AURORA 1.0 ESE","ERIE",1017,-78.60,42.76,7.0,6.0,M,6.5,5.5,5.0,4.5,M,M
US1NYTM0018,"EAST ITHACA 4.7 E","TOMPKINS",1161,-76.37,42.42,7.0,7.5,6.5,6.0,7.5,6.0,7.0,M,M
USC00302366,"EAST JEWETT","GREENE",1991,-74.14,42.24,4.0,4.0,4.0,4.0,7.0,6.0,5.0,5.0,M
US1NYSF0019,"EAST MORICHES 0.6 WNW","SUFFOLK",42,-72.77,40.81,M,T,T,5.8,M,M,M,M,M
USC00302574,"ELLENBURG DEPOT","CLINTON",950,-73.82,44.91,4.0,5.0,5.0,6.0,5.0,5.0,5.0,M,M
US1NYER0096,"ELMA 2.7 WSW","ERIE",835,-78.68,42.81,10.0,10.0,11.0,10.9,12.3,12.0,11.9,11.4,M
US1NYER0075,"ELMA CENTER 0.7 SE","ERIE",872,-78.62,42.82,8.0,8.0,8.0,8.0,10.0,10.0,10.0,M,M
USC00302610,"ELMIRA","CHEMUNG",947,-76.84,42.10,1.0,1.0,M,1.0,1.0,1.0,1.0,M,M
US1NYCM0021,"ELMIRA 1.2 WNW","CHEMUNG",932,-76.83,42.10,0.2,T,T,T,0.1,0.1,0.1,0.0,M
US1NYCM0003,"ELMIRA 1.3 ESE","CHEMUNG",840,-76.79,42.08,M,M,M,M,M,M,0.0,M,M
US1NYCM0006,"ELMIRA 3.2 E","CHEMUNG",1120,-76.75,42.09,M,0.5,M,M,M,M,M,M,M
USC00305113,"EMMONS","OTSEGO",1225,-75.01,42.47,3.0,3.0,3.0,2.0,M,M,M,M,M
US1NYBM0004,"ENDICOTT 5.2 SSE","BROOME",1040,-76.02,42.03,M,1.5,M,M,2.5,M,M,M,M
US1NYNS0007,"FLORAL PARK 0.4 W","NASSAU",79,-73.71,40.72,M,M,M,1.6,13.1,M,M,M,M
USC00303025,"FRANKLINVILLE","CATTARAUGUS",1589,-78.46,42.33,12.0,12.0,M,12.0,12.0,12.0,12.0,13.0,M
US1NYCT0022,"FRANKLINVILLE 0.5 NNE","CATTARAUGUS",1603,-78.45,42.34,11.5,14.0,12.5,12.5,12.0,12.5,12.0,10.5,M
US1NYCQ0022,"FREDONIA 0.8 WNW","CHAUTAUQUA",680,-79.35,42.44,14.0,12.0,11.0,13.5,12.0,11.5,11.0,10.5,M
US1NYGR0006,"FREEHOLD 3.4 E","GREENE",754,-73.98,42.36,2.0,2.0,2.0,2.0,5.0,M,M,M,M
US1NYCR0001,"FREETOWN 1.0 NE","CORTLAND",1564,-76.02,42.53,4.0,4.5,4.5,4.5,5.5,5.5,5.5,5.0,M
USC00303050,"FREEVILLE 1 NE","TOMPKINS",1050,-76.33,42.52,4.0,5.0,5.0,4.0,5.0,5.0,4.0,3.0,M
US1NYTM0005,"FREEVILLE 1.5 NE","TOMPKINS",1073,-76.32,42.53,5.0,5.0,5.0,5.0,7.0,7.0,7.0,7.0,M
USC00303087,"FULTON","OSWEGO",360,-76.39,43.30,11.0,11.0,10.0,9.0,13.0,14.0,14.0,13.0,M
US1NYOS0020,"FULTON 0.2 W","OSWEGO",397,-76.42,43.32,13.5,13.5,13.5,13.5,14.0,14.0,18.0,15.5,M
USC00303184,"GENEVA RESEARCH FARM","ONTARIO",718,-77.03,42.88,3.0,4.0,M,3.0,3.0,3.0,3.0,3.0,M
USC00303250,"GLENFIELD 1W","LEWIS",1080,-75.43,43.71,19.0,19.0,18.0,17.0,17.0,17.0,17.0,17.0,M
US1NYER0063,"GLENWOOD 1.5 SE","ERIE",1411,-78.64,42.60,25.5,27.5,27.0,26.5,26.0,25.0,24.2,24.0,M
USC00303322,"GLOVERSVILLE 7NW   (PECK LAKE)","FULTON",1455,-74.42,43.12,10.0,11.0,11.0,11.0,12.0,11.0,10.0,10.0,M
USC00303346,"GOUVERNEUR 3 NW","ST. LAWRENCE",420,-75.51,44.35,12.0,M,13.0,11.0,10.0,10.0,9.0,M,M
USC00303444,"GREENE","CHENANGO",920,-75.77,42.32,1.0,1.0,1.0,1.0,1.0,2.0,2.0,2.0,M
US1NYSR0022,"GREENFIELD CENTER 1.6 W","SARATOGA",603,-73.88,43.13,M,M,11.5,11.5,12.5,12.5,M,12.5,M
US1NYGR0007,"GREENVILLE 0.7 E","GREENE",816,-74.01,42.41,3.5,3.5,3.5,3.5,7.0,7.0,6.5,6.0,M
US1NYTM0004,"GROTON 0.5 NW","TOMPKINS",1034,-76.37,42.59,4.0,4.0,5.0,5.0,7.0,5.0,5.0,5.0,M
US1NYER0039,"HAMBURG 0.4 WSW","ERIE",792,-78.84,42.72,14.0,13.5,13.0,14.0,12.0,11.5,10.5,9.5,M
US1NYSL0006,"HANNAWA FALLS 0.1 SW","ST. LAWRENCE",561,-74.97,44.61,12.0,12.5,13.0,13.0,15.0,15.5,15.5,17.0,M
US1NYOT0011,"HARTWICK","OTSEGO",1335,-75.05,42.66,3.5,3.5,3.0,2.5,5.0,5.5,5.5,5.0,M
US1NYMG0003,"HESSVILLE 1.8 WSW","MONTGOMERY",1050,-74.72,42.86,3.7,3.8,3.6,3.5,4.1,2.8,2.8,2.8,M
US1NYNS0018,"HICKSVILLE 1.3 ENE","NASSAU",150,-73.50,40.77,M,M,M,0.5,12.5,M,M,M,M
USC00303851,"HIGHMARKET","LEWIS",1763,-75.52,43.58,28.0,26.0,31.0,30.0,29.0,28.0,28.0,26.0,M
US1NYDL0025,"HOBART 4.8 ESE","DELAWARE",2220,-74.58,42.35,3.5,3.0,2.5,2.5,5.5,5.0,5.0,4.0,M
US1NYOD0007,"HOLLAND PATENT 1.5 WSW","ONEIDA",590,-75.29,43.24,6.0,7.0,6.5,7.0,6.0,7.0,7.0,10.0,M
USC00303955,"HONEOYE","ONTARIO",800,-77.51,42.79,3.0,3.0,3.0,2.0,2.0,2.0,2.0,2.0,M
US1NYMR0055,"HONEOYE FALLS 1.7 NE","MONROE",5730,-77.57,42.97,M,5.1,M,M,M,M,M,M,M
USC00303961,"HOOKER 12 NNW","LEWIS",1478,-75.72,43.85,24.0,24.0,39.0,37.0,35.0,M,M,M,M
US1NYDT0004,"HOPEWELL JUNCTION 2.4 SSE","DUTCHESS",279,-73.79,41.55,2.7,2.7,2.7,2.7,8.5,8.0,8.0,7.5,M
US1NYDT0020,"HOPEWELL JUNCTION 2.9 ENE","DUTCHESS",403,-73.75,41.61,M,M,M,8.0,M,M,M,M,M
USC00303983,"HORNELL ALMOND DAM","STEUBEN",1325,-77.70,42.35,3.0,3.0,3.0,3.0,3.0,3.0,3.0,3.0,M
US1NYCB0001,"HUDSON 8.2 S","COLUMBIA",298,-73.77,42.13,M,M,3.0,M,7.0,M,M,M,M
US1NYHR0016,"ILION 0.7 WSW","HERKIMER",528,-75.05,43.01,3.5,4.0,4.0,3.5,4.0,4.5,4.5,5.0,M
USC00304102,"INDIAN LAKE 2SW","HAMILTON",1660,-74.27,43.76,14.0,14.0,14.0,14.0,14.0,14.0,14.0,15.0,M
USW00004781,"ISLIP-LI MACARTHUR AP","SUFFOLK",84,-73.10,40.79,1.2,1.2,T,1.2,16.1,15.0,M,M,M
US1NYTM0003,"ITHACA 1.1 SE","TOMPKINS",650,-76.49,42.43,2.5,3.5,3.0,3.0,4.0,4.0,3.5,3.5,M
USC00304174,"ITHACA CORNELL UNIV","TOMPKINS",960,-76.45,42.45,M,4.0,4.0,3.0,4.0,4.0,4.0,4.0,M
US1NYSF0007,"JAMESPORT 0.6 SSW","SUFFOLK",20,-72.58,40.94,M,M,M,M,11.0,M,M,M,M
USC00304207,"JAMESTOWN 4 ENE","CHAUTAUQUA",1250,-79.16,42.11,8.0,11.0,10.0,10.0,12.0,11.0,11.0,10.0,M
USW00094789,"JFK INTL AP","QUEENS",11,-73.76,40.64,0.0,0.0,0.0,1.2,7.9,7.9,M,M,M
US1NYES0009,"KEENE VALLEY 2.5 NE","ESSEX",1965,-73.75,44.22,M,M,M,8.0,11.5,11.0,11.0,12.0,M
US1NYES0007,"KEESEVILLE 0.8 SE","ESSEX",528,-73.47,44.49,7.5,7.5,8.0,8.0,9.0,9.0,9.0,10.0,M
US1NYER0059,"KENMORE 0.3 ESE","ERIE",612,-78.87,42.96,5.0,5.0,4.0,5.0,6.0,6.0,6.0,5.0,M
US1NYER0057,"KENMORE 0.8 NW","ERIE",607,-78.88,42.97,M,M,5.5,M,M,M,M,M,M
US1NYUL0001,"KINGSTON 1.1 W","ULSTER",190,-74.02,41.93,2.0,2.0,2.0,1.0,5.0,5.0,5.0,5.0,M
US1NYUL0022,"KINGSTON 2.1 N","ULSTER",183,-74.00,41.96,2.0,M,2.0,2.0,5.0,4.0,3.0,3.0,M
USW00014732,"LA GUARDIA AP","QUEENS",11,-73.88,40.78,0.0,0.0,0.0,1.2,7.1,7.1,M,M,M
US1NYDT0012,"LAGRANGEVILLE 3.4 NE","DUTCHESS",648,-73.72,41.68,3.0,3.0,3.0,3.0,9.0,8.0,8.0,8.0,M
US1NYSF0063,"LAKE GROVE 1.2 SSW","SUFFOLK",104,-73.12,40.84,M,M,M,2.0,11.5,M,M,M,M
USC00304564,"LAKEVILLE 1W","ERIE",676,-78.95,42.71,M,6.0,6.0,7.0,6.0,M,5.0,M,M
USC00304575,"LANSING MANOR","SCHOHARIE",1100,-74.47,42.45,M,M,0.0,0.0,2.0,M,4.0,0.0,M
US1NYOT0025,"LAURENS 5.5 W","OTSEGO",1704,-75.20,42.52,M,M,M,M,4.5,4.5,M,M,M
USC00304808,"LITTLE VALLEY","CATTARAUGUS",1625,-78.81,42.25,10.0,12.0,11.0,11.0,11.0,13.0,12.0,12.0,M
US1NYCB0008,"LIVINGSTON 0.7 SSW","COLUMBIA",242,-73.79,42.13,M,M,M,M,3.0,M,M,M,M
US1NYNG0012,"LOCKPORT 0.8 NE","NIAGARA",521,-78.68,43.18,9.0,9.0,9.0,9.0,10.0,11.0,10.5,10.0,M
US1NYNG0027,"LOCKPORT 2.8 WNW","NIAGARA",458,-78.74,43.19,M,M,M,M,M,M,0.2,M,M
USC00304844,"LOCKPORT 4E","NIAGARA",610,-78.61,43.19,7.0,7.0,6.0,6.0,7.0,7.0,7.0,M,M
US1NYSV0006,"LONG EDDY","SULLIVAN",879,-75.13,41.85,2.3,2.3,2.0,2.0,4.0,M,3.5,M,M
US1NYDL0023,"LONG EDDY 6.5 NNE","DELAWARE",1746,-75.08,41.94,4.0,4.0,4.0,M,M,6.0,6.0,5.5,M
US1NYHM0006,"LONG LAKE 0.1 SSE","HAMILTON",1662,-74.42,43.97,M,M,11.5,M,M,M,M,M,M
USC00304912,"LOWVILLE","LEWIS",863,-75.48,43.79,17.0,18.0,M,20.0,19.0,18.0,17.0,17.0,M
US1NYNS0014,"LYNBROOK 0.3 NW","NASSAU",23,-73.68,40.66,M,M,M,M,M,13.4,M,11.6,M
US1NYWN0018,"MACEDON 2.6 ESE","WAYNE",516,-77.26,43.05,7.4,7.1,6.7,6.1,7.6,7.6,8.2,6.4,M
USC00304996,"MALONE","FRANKLIN",880,-74.31,44.84,10.0,10.0,M,10.0,15.0,17.0,16.0,17.0,M
US1NYCR0005,"MARATHON 1.0 NW","CORTLAND",1030,-76.04,42.45,4.0,4.3,4.3,4.5,5.0,5.5,5.5,5.0,M
US1NYWN0009,"MARION 2.0 NE","WAYNE",478,-77.17,43.17,M,M,11.5,11.0,16.5,M,M,15.1,M
USW00094725,"MASSENA INTL AP","ST. LAWRENCE",214,-74.85,44.94,0.0,0.0,0.0,0.0,0.0,0.0,M,M,M
USC00305233,"MECKLENBURG 4SW","SCHUYLER",1509,-76.76,42.44,4.0,5.0,5.0,5.0,8.0,8.0,M,7.0,M
US1NYOL0005,"MEDINA 0.4 WNW","ORLEANS",540,-78.40,43.22,5.0,5.5,5.5,5.0,6.0,7.0,6.5,6.5,M
US1NYYT0008,"MIDDLESEX 3.5 S","YATES",940,-77.27,42.65,6.0,5.5,5.5,5.0,5.5,5.5,5.5,5.0,M
US1NYDT0008,"MILLBROOK 3.2 SE","DUTCHESS",1024,-73.65,41.75,M,M,3.0,3.0,9.0,M,7.5,M,M
US1NYOS0015,"MINETTO 0.1 SE","OSWEGO",351,-76.48,43.40,17.5,20.0,17.5,17.0,16.0,14.0,14.0,14.0,M
USC00305512,"MORRISVILLE 6 SW","MADISON",1681,-75.73,42.84,M,M,M,M,16.0,M,M,M,M
USC00305597,"MOUNT MORRIS 2 W","LIVINGSTON",880,-77.91,42.73,M,5.0,4.0,3.0,3.0,3.0,M,3.0,M
USC00305606,"MOUNT SINAI","SUFFOLK",50,-73.02,40.93,1.0,1.0,1.0,8.0,6.0,6.0,5.0,M,M
US1NYSF0077,"NESCONSET 1.4 SSW","SUFFOLK",102,-73.16,40.83,M,M,M,M,14.6,M,M,M,M
US1NYGR0005,"NEW BALTIMORE 0.2 SE","GREENE",40,-73.79,42.44,M,M,M,3.0,M,M,M,M,M
US1NYOD0019,"NEW HARTFORD 0.8 S","ONEIDA",695,-75.29,43.06,4.5,M,M,M,5.5,6.5,6.0,6.5,M
USC00305714,"NEWCOMB","ESSEX",1647,-74.22,43.97,14.0,14.0,14.0,14.0,15.0,15.0,15.0,16.0,M
US1NYNG0022,"NIAGARA FALLS 5.7 E","NIAGARA",578,-78.90,43.08,7.5,8.0,9.5,9.0,8.5,9.0,9.0,8.5,M
USC00305840,"NIAGARA FALLS INT'L AP","NIAGARA",588,-78.94,43.11,M,5.0,4.0,5.0,6.0,6.0,5.0,5.0,M
US1NYSC0016,"NISKAYUNA 2.0 N","SCHENECTADY",272,-73.90,42.85,4.0,4.0,4.0,4.0,7.0,7.0,7.0,7.0,M
USC00305925,"NORTH CREEK 5 SE","WARREN",890,-73.90,43.66,14.0,14.0,13.0,13.0,15.0,15.0,14.0,14.0,M
USC00306047,"NORTH TONAWANDA","NIAGARA",600,-78.85,43.02,9.0,8.0,M,M,M,M,M,M,M
US1NYNG0002,"NORTH TONAWANDA 1.0 NNE","NIAGARA",578,-78.86,43.06,7.5,8.5,8.0,8.5,8.5,9.0,8.5,7.5,M
US1NYNS0024,"NORTH WANTAGH 0.4 WSW","NASSAU",49,-73.52,40.70,M,M,M,M,M,12.5,11.5,M,M
US1NYSF0016,"NORTHPORT 1.6 NNE","SUFFOLK",84,-73.33,40.92,0.5,0.5,T,3.0,11.0,10.5,10.0,M,M
USC00306062,"NORTHVILLE","FULTON",790,-74.20,43.16,M,8.0,7.0,7.0,9.0,M,M,8.0,M
USC00306085,"NORWICH","CHENANGO",989,-75.52,42.51,2.0,2.0,2.0,3.0,3.0,3.0,3.0,3.0,M
US1NYCN0009,"NORWICH 5.4 W","CHENANGO",1498,-75.63,42.53,2.5,3.0,3.0,3.0,5.0,3.0,2.5,2.5,M
US1NYAB0021,"NWS ALBANY","ALBANY",260,-73.83,42.69,2.0,2.0,2.0,2.0,5.0,5.0,5.0,M,M
USW00094728,"NY CITY CENTRAL PARK","NEW YORK",140,-73.97,40.78,T,0.0,T,1.2,7.1,5.9,M,M,M
US1NYSL0010,"OGDENSBURG 1.6 SW","ST. LAWRENCE",279,-75.49,44.69,15.0,15.0,15.0,15.0,14.5,14.5,14.0,15.0,M
USC00306196,"OLEAN","CATTARAUGUS",1420,-78.45,42.07,3.0,4.0,4.0,3.0,4.0,4.0,5.0,4.0,M
US1NYCT0006,"OLEAN 1.2 NE","CATTARAUGUS",1541,-78.41,42.09,4.5,4.5,4.0,4.0,4.0,4.5,M,M,M
US1NYES0006,"OLMSTEDVILLE 4.6 NNE","ESSEX",1507,-73.90,43.83,13.0,12.5,13.5,13.0,13.0,12.5,12.0,12.5,M
US1NYMD0022,"ONEIDA 0.4 NW","MADISON",565,-75.67,43.08,3.5,4.5,5.0,4.0,5.5,7.0,7.0,6.5,M
USC00306300,"OSCEOLA","LEWIS",1092,-75.71,43.50,21.0,22.0,22.0,22.0,22.0,22.0,22.0,22.0,M
US1NYOS0003,"OSWEGO 5.0 ESE","OSWEGO",456,-76.41,43.44,18.0,38.0,33.5,26.0,27.5,25.5,22.5,23.2,M
USC00306376,"PALERMO 2SSE","OSWEGO",445,-76.27,43.33,16.3,19.5,17.0,16.0,20.0,21.0,M,M,M
US1NYWC0011,"PEEKSKILL 0.4 N","WESTCHESTER",179,-73.92,41.29,T,T,T,T,8.5,7.5,7.0,M,M
USC00306525,"PERRYSBURG","CATTARAUGUS",1210,-79.00,42.46,28.0,28.0,28.0,29.0,30.0,30.0,30.0,M,M
US1NYCL0007,"PERU 4.1 ESE","CLINTON",181,-73.45,44.56,8.0,8.0,8.0,7.0,7.5,7.0,6.5,8.5,M
US1NYMR0021,"PITTSFORD 4.0 SSE","MONROE",557,-77.49,43.03,7.0,M,M,M,M,M,M,6.0,M
US1NYNS0030,"PLAINEDGE 0.4 WSW","NASSAU",75,-73.48,40.72,M,M,M,M,13.0,M,M,M,M
US1NYNS0043,"PLAINVIEW 0.4 ENE","NASSAU",186,-73.47,40.79,0.5,M,M,M,13.0,11.0,9.0,8.0,M
USC00306649,"PLATTE CLOVE","GREENE",2032,-74.09,42.14,M,M,4.0,M,9.0,M,M,M,M
USC00306660,"PLATTSBURGH 1 S","CLINTON",178,-73.46,44.69,M,7.0,7.0,6.0,6.0,7.0,7.0,8.0,M
USW00064776,"PLATTSBURGH INTERNATIONAL AIRPORT","CLINTON",234,-73.47,44.65,M,0.0,0.0,0.0,0.0,0.0,M,M,M
US1NYOD0002,"POINT ROCK 0.6 SE","ONEIDA",1100,-75.54,43.37,14.0,14.5,15.0,14.0,14.0,14.0,14.0,15.0,M
US1NYSF0100,"PORT JEFFERSON STATION 0.3 SSW","SUFFOLK",176,-73.07,40.92,0.5,0.5,M,3.0,11.0,10.0,8.5,8.0,M
USC00306774,"PORT JERVIS","ORANGE",580,-74.69,41.39,2.0,2.0,2.0,1.0,6.0,M,M,M,M
US1NYNS0027,"PORT WASHINGTON 0.8 N","NASSAU",171,-73.68,40.84,M,M,0.0,M,M,M,M,M,M
USC00306745,"PORTAGEVILLE","WYOMING",1168,-78.04,42.57,5.0,M,M,5.0,M,5.0,M,M,M
USC00306820,"POUGHKEEPSIE","DUTCHESS",251,-73.92,41.73,1.0,1.0,1.0,1.0,4.0,4.0,4.0,4.0,M
USC00306867,"PULASKI","OSWEGO",399,-76.12,43.57,15.0,16.0,16.0,14.0,14.0,17.0,16.0,14.0,M
US1NYOS0021,"PULASKI 0.5 NE","OSWEGO",287,-76.12,43.57,M,16.5,17.5,15.5,14.5,17.5,16.5,14.5,M
US1NYWR0013,"QUEENSBURY 2.5 E","WARREN",303,-73.63,43.36,11.0,11.0,11.0,10.5,M,M,M,M,M
US1NYCT0002,"RANDOLPH 1.1 ENE","CATTARAUGUS",1335,-78.96,42.17,12.0,14.0,M,12.0,14.0,16.0,16.0,M,M
US1NYSF0103,"RIDGE 1.8 SE","SUFFOLK",69,-72.85,40.90,1.0,1.0,1.0,9.0,7.0,6.0,6.0,M,M
US1NYSF0002,"RIVERHEAD 1.3 SSE","SUFFOLK",43,-72.67,40.93,1.0,T,M,T,11.0,10.0,M,M,M
US1NYMR0023,"ROCHESTER 5.0 WNW","MONROE",430,-77.70,43.20,9.0,M,M,M,M,M,M,M,M
USW00014768,"ROCHESTER GREATER INT'L","MONROE",539,-77.68,43.12,10.0,8.0,6.0,5.0,7.0,10.0,9.0,M,M
US1NYOD0052,"ROME 3.7 SW","ONEIDA",471,-75.55,43.20,M,M,3.5,3.5,7.0,7.0,7.0,M,M
US1NYSF0024,"RONKONKOMA 1.4 WSW","SUFFOLK",66,-73.15,40.80,0.5,M,M,M,9.0,M,M,M,M
USC00307274,"ROSENDALE 2 E","ULSTER",122,-74.05,41.85,M,4.0,4.0,4.0,M,M,M,5.0,M
US1NYUL0016,"ROSENDALE VILLAGE 1.8 WNW","ULSTER",298,-74.11,41.86,4.5,M,M,M,7.0,M,M,M,M
USC00307329,"RUSHFORD","ALLEGANY",1600,-78.19,42.43,9.0,11.0,10.0,9.0,8.0,8.0,8.0,8.0,M
US1NYCL0012,"SARANAC 0.8 SSE","CLINTON",830,-73.74,44.64,M,M,5.0,M,M,M,M,M,M
US1NYFK0007,"SARANAC LAKE 6.2 N","FRANKLIN",1710,-74.15,44.41,13.0,13.0,15.0,15.0,16.0,15.0,14.0,17.0,M
USW00094740,"SARANAC LAKE ADIRONDACK REGIONAL","FRANKLIN",1663,-74.21,44.39,0.0,0.0,0.0,0.0,0.0,0.0,M,M,M
US1NYSR0004,"SARATOGA SPRINGS 0.5 S","SARATOGA",310,-73.78,43.06,8.5,8.0,7.5,7.0,8.5,8.0,7.0,M,M
US1NYSC0011,"SCHENECTADY 3.3 E","SCHENECTADY",330,-73.86,42.79,5.0,5.0,5.0,5.0,9.0,8.5,8.0,7.5,M
USC00307520,"SCHOHARIE","SCHOHARIE",734,-74.30,42.67,2.0,2.0,2.0,2.0,5.0,4.0,5.0,5.0,M
USC00307705,"SHERBURNE","CHENANGO",1095,-75.51,42.68,2.0,2.0,2.0,2.0,3.0,3.0,3.0,3.0,M
US1NYCQ0027,"SILVER CREEK 1.0 SSE","CHAUTAUQUA",720,-79.16,42.53,10.0,10.0,10.0,12.0,9.0,9.0,9.0,7.0,M
USC00307750,"SILVER CREEK 1S","CHAUTAUQUA",717,-79.16,42.53,10.0,10.0,10.0,12.0,10.0,9.0,9.0,7.0,M
USC00307749,"SILVER SPRINGS 3N","WYOMING",1667,-78.09,42.71,12.0,13.0,13.0,12.0,13.0,12.0,12.0,12.0,M
USC00307780,"SKANEATELES","ONONDAGA",875,-76.43,42.95,M,M,7.0,4.0,12.0,M,M,M,M
US1NYOG0061,"SKANEATELES 0.8 NNW","ONONDAGA",937,-76.43,42.96,7.5,9.0,9.5,7.0,14.0,M,M,M,M
US1NYSY0001,"SMITH VALLEY 1.9 SE","SCHUYLER",1398,-76.72,42.39,4.5,5.0,5.0,4.5,5.0,5.0,4.5,4.5,M
USC00307842,"SODUS 1W","WAYNE",444,-77.08,43.24,20.0,18.0,18.0,16.0,21.0,23.0,23.0,23.0,M
US1NYST0003,"SOUTH CORNING 4.7 S","STEUBEN",1730,-77.05,42.06,1.0,1.0,1.0,1.0,1.0,1.0,1.0,0.5,M
US1NYWC0006,"SOUTH SALEM 2.1 NW","WESTCHESTER",497,-73.57,41.30,2.0,2.0,2.0,3.0,10.5,7.5,7.0,7.0,M
USC00308132,"SPRINGVILLE 5NE","ERIE",1691,-78.58,42.55,20.0,21.0,18.0,18.0,16.0,15.0,15.0,M,M
US1NYGN0006,"STAFFORD 1.8 NE","GENESEE",899,-78.05,43.00,6.0,6.0,6.0,5.0,5.0,6.0,6.0,5.0,M
US1NYRC0002,"STATEN ISLAND 1.4 SE","RICHMOND",72,-74.13,40.57,1.0,M,M,1.0,10.5,M,M,M,M
USC00308248,"STILLWATER RESERVOIR","HERKIMER",1690,-75.04,43.90,M,16.0,26.0,23.0,23.0,M,M,M,M
US1NYNS0036,"SYOSSET 2.0 SSW","NASSAU",180,-73.51,40.79,0.0,T,T,M,7.0,M,M,4.0,M
USW00014771,"SYRACUSE HANCOCK INTL AP","ONONDAGA",413,-76.10,43.11,7.1,9.1,9.1,7.9,15.0,22.8,M,M,M
US1NYER0086,"TONAWANDA 1.5 NNE","ERIE",579,-78.87,43.01,7.0,7.0,M,7.0,9.0,M,M,10.0,M
USC00308578,"TRENTON FALLS","ONEIDA",800,-75.16,43.28,M,8.0,M,M,M,M,M,M,M
US1NYRN0020,"TROY 2.1 NNE","RENSSELAER",446,-73.65,42.76,5.0,4.5,4.5,4.5,9.0,9.0,9.0,8.5,M
US1NYRN0013,"TROY 6.9 NE","RENSSELAER",688,-73.56,42.79,4.8,M,M,M,M,M,M,M,M
USC00308600,"TROY LOCK AND DAM","RENSSELAER",24,-73.69,42.75,5.0,5.0,5.0,4.0,6.0,6.0,5.0,3.0,M
US1NYTM0038,"TRUMANSBURG 0.4 WNW","TOMPKINS",991,-76.67,42.54,M,6.5,5.5,5.5,M,M,M,5.0,M
USC00308631,"TUPPER LAKE SUNMOUNT","FRANKLIN",1680,-74.44,44.23,M,M,13.0,M,14.0,M,M,14.0,M
USC00308721,"UPTON COOP - NWSFO NEW YORK","SUFFOLK",26,-72.86,40.87,1.0,1.0,1.0,2.0,10.0,9.0,9.0,7.0,M
US1NYNS0035,"VALLEY STREAM 0.6 SE","NASSAU",12,-73.70,40.66,M,M,M,12.5,M,M,M,M,M
US1NYWY0007,"VARYSBURG 3.1 E","WYOMING",1698,-78.25,42.76,M,M,M,12.5,12.0,M,M,M,M
US1NYOD0011,"VERNON 0.4 NNW","ONEIDA",614,-75.54,43.09,5.0,6.5,5.0,5.0,M,M,M,6.0,M
US1NYBM0007,"VESTAL 2.8 SSE","BROOME",994,-76.03,42.05,1.0,1.0,1.0,1.0,1.0,1.0,1.0,1.0,M
US1NYBM0034,"VESTAL 3.2 E","BROOME",1390,-75.99,42.08,2.5,3.0,3.0,2.5,3.5,3.5,3.5,3.0,M
US1NYOG0006,"VILLAGE GREEN 2.6 ESE","ONONDAGA",425,-76.27,43.12,4.0,5.5,5.5,5.0,10.5,16.5,20.0,20.0,M
USC00308910,"WALES","ERIE",1135,-78.59,42.74,8.0,7.0,6.0,6.0,6.0,6.0,5.0,5.0,M
USC00308932,"WALTON 2","DELAWARE",1480,-75.15,42.18,5.0,5.0,5.0,4.0,8.0,7.0,7.0,6.0,M
US1NYDL0024,"WALTON 6.5 W","DELAWARE",1249,-75.26,42.17,M,M,3.5,3.5,6.0,5.5,5.0,4.5,M
US1NYWN0010,"WALWORTH 1.7 SW","WAYNE",520,-77.30,43.13,12.0,11.5,10.0,M,11.0,12.0,11.5,M,M
US1NYNS0034,"WANTAGH 0.3 ESE","NASSAU",14,-73.51,40.67,M,M,M,4.0,14.0,M,M,M,M
US1NYNS0037,"WANTAGH 1.1 NNE","NASSAU",34,-73.50,40.68,M,M,M,M,M,10.0,10.0,M,M
US1NYDT0005,"WAPPINGERS FALLS 1.6 ESE","DUTCHESS",231,-73.89,41.59,2.5,M,M,M,M,M,M,M,M
US1NYOG0062,"WARNERS 0.7 WNW","ONONDAGA",449,-76.34,43.09,8.5,10.0,8.5,M,13.8,M,16.0,M,M
US1NYWR0010,"WARRENSBURG 2.1 WNW","WARREN",664,-73.81,43.52,M,M,11.0,11.0,12.5,12.5,12.5,12.5,M
USC00308962,"WARSAW 6 SW","WYOMING",1819,-78.22,42.69,15.0,17.0,15.0,14.0,15.0,15.0,14.0,14.0,M
US1NYSY0006,"WATKINS GLEN 4.6 NW","SCHUYLER",1425,-76.94,42.42,3.5,4.0,3.5,3.5,3.0,3.0,3.0,2.5,M
USC00309047,"WAVERLY","TIOGA",845,-76.53,42.00,2.0,2.0,2.0,2.0,2.0,M,M,2.0,M
USC00309049,"WEBSTER 2 NE","MONROE",275,-77.39,43.24,9.0,8.0,8.0,10.0,11.0,12.0,10.0,M,M
US1NYMR0026,"WEBSTER 3.2 W","MONROE",410,-77.49,43.21,6.5,6.0,5.5,8.5,9.5,8.5,8.0,M,M
USC00309072,"WELLSVILLE","ALLEGANY",1509,-77.95,42.12,4.0,4.0,4.0,4.0,M,4.0,3.0,3.0,M
US1NYAL0002,"WEST ALMOND 3.6 SW","ALLEGANY",1823,-77.94,42.27,4.0,5.0,3.5,3.5,3.5,3.5,4.0,3.5,M
USC00309089,"WEST BLOOMFIELD 1 S","ONTARIO",990,-77.53,42.88,6.0,7.0,6.0,6.0,M,4.0,4.0,4.0,M
US1NYJF0030,"WEST CARTHAGE 0.3 ENE","JEFFERSON",790,-75.62,43.97,M,39.7,40.3,42.3,44.3,M,M,46.3,M
US1NYUL0023,"WEST HURLEY 0.1 S","ULSTER",607,-74.11,42.00,4.5,4.5,4.5,4.5,4.5,4.5,4.5,4.3,M
US1NYSF0065,"WEST ISLIP 0.6 SW","SUFFOLK",17,-73.31,40.70,1.0,0.8,0.5,2.5,12.0,9.0,8.5,M,M
US1NYER0113,"WEST SENECA 0.4 E","ERIE",651,-78.74,42.84,M,M,M,M,M,8.4,M,M,M
USC00309248,"WESTMORELAND 4N","ONEIDA",565,-75.46,43.16,4.0,5.0,4.0,4.0,4.0,5.0,5.0,5.0,M
USC00309389,"WHITEHALL","WASHINGTON",119,-73.40,43.56,M,M,7.0,7.0,9.0,7.0,M,M,M
US1NYOD0042,"WHITESBORO 2.3 SW","ONEIDA",548,-75.33,43.10,4.5,6.0,5.5,5.0,5.5,5.0,5.0,5.0,M
US1NYBM0014,"WHITNEY POINT 1.7 SSE","BROOME",1266,-75.96,42.31,3.0,3.5,3.5,3.5,5.5,5.5,5.5,5.5,M
USC00309442,"WHITNEY POINT DAM","BROOME",1040,-75.97,42.34,1.0,2.0,2.0,2.0,2.0,2.0,2.0,2.0,M
US1NYCR0003,"WILLET 1.8 E","CORTLAND",1402,-75.87,42.47,3.5,4.0,4.0,3.8,4.8,4.2,4.2,4.0,M
US1NYER0104,"WILLIAMSVILLE 2.2 NNW","ERIE",589,-78.75,42.99,M,M,M,M,M,10.0,9.5,10.5,M
US1NYER0007,"WILLIAMSVILLE 2.7 E","ERIE",702,-78.69,42.97,7.0,6.0,M,7.0,7.5,7.0,6.0,6.0,M
USC00309499,"WILMINGTON 2W","ESSEX",2019,-73.86,44.39,M,12.0,12.0,11.0,13.0,M,M,14.0,M
US1NYBM0021,"WINDSOR 8.0 SE","BROOME",1666,-75.51,42.01,3.0,3.0,3.0,3.0,4.5,4.0,4.0,M,M
USC00309593,"WYOMING 3W","WYOMING",1549,-78.15,42.82,11.0,11.0,10.0,10.0,11.0,10.0,11.0,10.0,M
USC00309690,"YOUNGSTOWN 2 NE","NIAGARA",280,-79.01,43.27,6.0,6.0,6.0,7.0,6.0,6.0,5.0,6.0,M
