New York Snowfall, February 2017
"GHCN ID","Station Name",County,Elevation,Latitude,Longitude,"Feb 1","Feb 2","Feb 3","Feb 4","Feb 5","Feb 6","Feb 7","Feb 8","Feb 9","Feb 10","Feb 11","Feb 12","Feb 13","Feb 14","Feb 15","Feb 16","Feb 17","Feb 18","Feb 19","Feb 20","Feb 21","Feb 22","Feb 23","Feb 24","Feb 25","Feb 26","Feb 27","Feb 28"
USC00300023,"ADDISON","STEUBEN",999,-77.23,42.10,2.6,0.4,0.0,0.0,M,0.0,M,M,3.7,0.8,0.8,M,0.0,0.0,0.0,3.9,0.0,M,M,M,M,M,M,M,M,0.0,0.2,M
US1NYER0085,"AKRON 2.4 S","ERIE",824,-78.49,42.99,2.2,M,M,M,M,M,M,M,M,M,M,M,M,M,M,M,M,M,M,M,M,M,M,M,M,M,M,M
US1NYAB0023,"ALBANY 0.7 SW","ALBANY",256,-73.81,42.66,1.5,T,T,0.0,T,0.0,0.0,0.4,5.5,4.9,1.5,T,7.5,T,0.0,0.3,T,0.0,0.0,0.0,0.0,0.0,0.0,0.0,0.0,T,T,0.0
USW00014735,"ALBANY INTL AIRPORT","ALBANY",312,-73.81,42.74,1.3,T,0.0,T,T,T,0.3,0.0,11.2,1.0,0.8,7.6,T,T,T,T,T,0.0,0.0,0.0,0.0,0.0,M,0.0,0.0,T,0.0,0.0
USC00300063,"ALCOVE DAM","ALBANY",607,-73.93,42.47,2.5,M,M,M,M,M,M,M,5.0,4.5,1.6,M,7.0,M,M,M,M,M,M,M,M,M,M,M,M,M,M,M
USC00300085,"ALFRED","ALLEGANY",1706,-77.76,42.25,3.0,0.5,0.4,0.2,0.0,0.4,0.0,0.0,3.2,0.5,0.4,0.0,1.6,0.4,1.1,1.9,0.2,0.0,0.0,0.0,0.0,0.0,0.0,0.0,0.0,1.0,0.0,0.0
US1NYCT0011,"ALLEGANY 4.7 N","CATTARAUGUS",1667,-78.49,42.16,3.0,2.8,0.5,0.4,T,0.1,M,M,2.5,1.0,0.6,M,2.7,0.4,2.4,3.0,0.8,0.0,0.0,0.0,0.0,M,M,M,M,1.0,T,0.0
USC00300093,"ALLEGANY STATE PARK","CATTARAUGUS",1500,-78.75,42.10,2.0,1.0,0.0,0.0,0.0,0.0,M,0.0,2.0,2.0,0.0,0.0,2.0,0.0,2.0,6.0,0.0,0.0,0.0,0.0,0.0,0.0,0.0,0.0,0.0,0.0,0.0,0.0
US1NYAB0001,"ALTAMONT 2.7 SSW","ALBANY",1460,-74.05,42.67,1.6,T,0.2,0.2,T,T,0.0,0.4,9.0,3.4,1.5,0.0,6.9,T,T,0.3,T,0.0,M,0.0,0.0,0.0,0.0,0.0,0.0,0.5,T,0.0
US1NYER0098,"AMHERST 5.4 NNE","ERIE",580,-78.76,43.05,2.4,T,0.0,0.0,T,T,M,M,M,M,1.5,M,1.6,M,M,1.0,0.0,0.0,M,0.0,0.0,M,M,M,M,0.5,M,0.0
USC00300183,"ANGELICA","ALLEGANY",1475,-78.02,42.31,3.0,0.5,0.0,0.0,0.0,0.0,0.0,0.0,1.5,0.5,0.4,0.0,3.0,0.0,2.0,3.0,0.0,0.0,0.0,0.0,0.0,M,M,0.0,0.0,0.5,0.0,0.0
US1NYTG0003,"APALACHIN 3.0 ESE","TIOGA",910,-76.12,42.05,2.1,0.1,0.2,0.0,0.0,T,0.0,0.0,4.3,0.2,0.3,T,1.9,0.4,0.0,2.1,T,0.0,0.0,0.0,0.0,0.0,0.0,0.0,0.0,T,T,0.0
US1NYWC0015,"ARMONK 0.4 E","WESTCHESTER",424,-73.71,41.13,M,0.0,0.0,0.0,T,0.0,M,M,0.0,11.6,M,M,M,0.0,0.0,M,0.0,0.0,0.0,0.0,M,0.0,0.0,0.0,M,M,M,0.0
USC00300317,"ATTICA 7 SW","WYOMING",1365,-78.40,42.81,2.7,2.4,0.0,2.3,0.6,0.0,0.0,0.0,0.8,0.0,2.2,0.0,3.2,0.8,1.8,4.8,0.8,0.0,0.0,0.0,0.0,0.0,0.0,0.0,0.0,1.2,0.0,0.0
USC00300321,"AUBURN","CAYUGA",770,-76.54,42.93,1.8,0.7,0.0,0.0,0.0,0.0,0.0,0.0,1.3,7.3,2.1,0.0,4.4,2.4,0.0,1.6,1.3,0.0,0.0,0.0,0.0,0.0,0.0,0.0,0.0,0.0,0.0,0.0
US1NYCY0008,"AUBURN 8.3 SSE","CAYUGA",1050,-76.49,42.83,1.4,0.0,T,T,0.0,T,T,M,1.1,2.6,0.4,T,7.2,0.9,T,4.1,1.6,T,0.0,0.0,0.0,0.0,0.0,0.0,0.0,T,0.0,0.0
US1NYCY0026,"AURORA 2.4 N","CAYUGA",501,-76.70,42.79,0.4,0.7,T,0.0,0.0,T,T,0.0,0.9,0.0,0.4,T,2.7,1.1,0.0,1.6,0.1,0.0,0.0,0.0,0.0,0.0,0.0,0.0,0.0,T,0.0,0.0
USC00300331,"AURORA RESEARCH FARM","CAYUGA",830,-76.66,42.73,0.0,1.0,0.0,0.0,0.0,0.0,0.0,0.0,1.0,0.0,0.0,0.0,4.0,0.0,0.0,2.0,0.0,0.0,0.0,0.0,0.0,0.0,0.0,0.0,0.0,0.0,0.0,0.0
US1NYRN0001,"AVERILL PARK 0.9 WNW","RENSSELAER",633,-73.57,42.64,2.8,T,T,0.0,0.0,T,0.0,0.6,5.4,3.6,2.1,M,6.8,T,0.0,T,0.2,0.0,0.0,0.0,0.0,0.0,0.0,0.0,0.0,0.2,T,0.0
USC00300343,"AVON","LIVINGSTON",545,-77.76,42.92,2.0,1.0,0.0,0.0,0.0,0.0,0.0,0.0,0.0,0.0,0.6,0.0,5.0,0.0,0.0,0.0,0.0,0.0,0.0,0.0,0.0,M,M,0.0,0.0,0.0,0.0,0.0
US1NYLV0002,"AVON 0.5 NNE","LIVINGSTON",625,-77.74,42.92,M,M,M,M,0.0,0.0,M,M,M,0.0,M,M,M,M,M,M,0.0,0.0,0.0,0.0,0.0,0.0,0.0,M,M,0.0,M,0.0
US1NYCN0018,"BAINBRIDGE 6.5 SSE","CHENANGO",1805,-75.42,42.21,4.5,1.0,0.8,T,T,0.4,0.0,0.0,5.9,0.7,1.0,1.2,6.1,4.5,T,0.7,1.3,0.0,0.0,0.0,0.0,0.0,0.0,0.0,M,0.8,T,T
USC00300364,"BAITING HOLLOW","SUFFOLK",35,-72.74,40.93,1.5,0.0,0.0,0.0,0.0,0.0,0.0,0.0,1.5,12.0,0.0,0.0,1.2,0.0,0.0,0.0,0.0,0.0,0.0,0.0,0.0,0.0,0.0,0.0,0.0,0.0,0.0,0.0
USC00300379,"BALDWINSVILLE","ONONDAGA",379,-76.33,43.15,M,0.8,0.0,M,M,M,0.0,0.0,0.6,2.3,M,M,M,0.5,0.0,1.5,4.0,M,M,0.0,0.0,0.0,0.0,0.0,M,M,M,0.0
US1NYOG0046,"BALDWINSVILLE 3.5 NE","ONONDAGA",390,-76.29,43.20,1.5,1.7,0.7,3.9,0.0,0.8,T,0.0,0.9,2.0,0.6,0.1,10.2,0.4,M,3.6,1.5,T,0.0,0.0,0.0,0.0,0.0,0.0,0.0,T,M,0.0
US1NYSR0016,"BALLSTON SPA 2.9 ESE","SARATOGA",363,-73.80,42.99,2.0,0.0,0.0,0.0,0.0,0.0,0.0,0.0,3.0,2.0,3.0,0.0,9.0,0.0,0.0,0.0,0.0,0.0,0.0,0.0,M,0.0,0.0,0.0,0.0,T,T,0.0
USC00300443,"BATAVIA","GENESEE",913,-78.17,43.03,M,M,M,0.0,0.0,0.0,0.0,M,M,M,M,M,2.0,0.0,1.0,M,M,M,M,M,M,M,M,M,M,0.0,0.0,0.0
US1NYSF0034,"BAY SHORE 0.5 ESE","SUFFOLK",4,-73.24,40.72,0.4,M,M,M,M,M,M,M,4.8,6.6,M,M,M,M,M,M,M,M,M,M,M,M,M,M,M,M,M,M
US1NYPT0002,"BEACON 4.2 ESE","PUTNAM",854,-73.89,41.48,1.5,0.2,M,M,0.0,M,M,M,3.8,9.5,0.1,T,4.8,M,M,M,0.0,0.0,0.0,0.0,M,M,M,M,M,M,M,M
US1NYLW0005,"BEAVER FALLS 0.1 SW","LEWIS",793,-75.43,43.89,M,M,M,M,M,M,M,M,M,M,M,M,11.5,M,M,M,M,M,M,M,M,M,M,M,M,M,M,M
USC00300608,"BENNETTS BRIDGE","OSWEGO",660,-75.95,43.53,4.0,10.0,17.0,M,M,M,0.0,0.0,0.0,0.0,M,M,M,0.0,0.0,6.0,3.0,0.0,0.0,0.0,0.0,0.0,0.0,0.0,0.0,0.0,M,0.0
US1NYTG0015,"BERKSHIRE 1.9 ENE","TIOGA",1545,-76.22,42.32,2.5,T,1.0,1.0,T,0.0,0.0,M,6.0,0.0,0.5,1.5,5.0,0.5,0.0,3.0,0.5,0.0,0.0,0.0,0.0,M,0.0,0.0,0.0,T,T,M
US1NYTG0005,"BERKSHIRE 2.0 N","TIOGA",1100,-76.19,42.33,3.0,0.5,1.0,T,T,T,0.0,0.0,5.5,T,0.5,1.0,3.5,1.0,T,5.0,1.0,0.0,0.0,0.0,0.0,0.0,0.0,0.0,0.0,0.5,T,M
US1NYST0004,"BIG FLATS 2.0 W","STEUBEN",935,-76.97,42.14,1.5,T,0.0,0.0,0.0,0.0,M,M,5.0,0.4,0.4,0.5,T,0.0,M,1.0,0.0,0.0,0.0,0.0,0.0,0.0,M,0.0,0.0,0.1,0.0,0.0
USC00300668,"BIG MOOSE 3 SE","HERKIMER",1759,-74.87,43.80,5.0,3.5,2.5,M,M,M,0.5,0.0,1.0,0.0,M,M,M,1.5,M,M,M,M,M,M,M,0.0,0.0,0.0,M,M,M,0.0
USW00004725,"BINGHAMTON (GREATER  AP)","BROOME",1595,-75.98,42.21,0.1,1.9,T,0.0,0.1,T,0.0,0.1,5.7,0.6,T,5.6,5.0,T,2.4,1.1,0.3,0.0,0.0,0.0,0.0,0.0,0.0,0.0,0.1,0.1,0.0,0.0
US1NYBM0024,"BINGHAMTON 1.3 ENE","BROOME",851,-75.89,42.11,2.4,0.9,0.7,0.0,0.0,M,M,0.0,5.0,0.2,0.5,0.3,4.5,0.5,0.0,0.9,T,0.0,0.0,0.0,0.0,M,M,M,M,0.0,M,M
US1NYBM0011,"BINGHAMTON 1.8 SW","BROOME",1352,-75.93,42.07,2.8,0.5,1.0,T,0.0,T,0.0,0.0,4.8,T,0.5,T,4.2,T,0.0,1.4,0.0,0.0,0.0,0.0,0.0,0.0,0.0,M,0.0,T,M,M
USC00300684,"BINGHAMTON WFO","BROOME",1600,-75.99,42.21,0.1,1.9,M,M,0.1,M,0.0,0.1,5.7,0.6,0.0,5.6,5.0,0.0,2.4,1.1,0.3,0.0,0.0,0.0,0.0,0.0,M,0.0,0.1,0.1,0.0,0.0
US1NYER0060,"BLASDELL 1.5 SSW","ERIE",630,-78.84,42.78,2.5,0.4,0.0,M,0.0,T,0.0,0.0,0.2,T,0.9,0.0,M,T,0.1,0.5,0.0,0.0,0.0,0.0,0.0,0.0,0.0,0.0,0.0,0.1,0.0,0.0
US1NYOD0004,"BOONVILLE 0.2 NW","ONEIDA",1135,-75.33,43.48,8.0,M,6.5,M,1.5,M,M,M,M,M,M,6.0,3.5,M,4.0,0.0,0.0,0.0,0.0,0.0,0.0,0.0,0.0,M,M,M,0.0,0.0
USC00300785,"BOONVILLE 4 SSW","ONEIDA",1549,-75.37,43.44,2.3,9.5,7.6,2.5,0.3,1.5,0.0,0.0,1.0,0.3,2.7,0.0,7.8,0.0,0.6,3.4,1.0,0.0,0.0,0.0,0.0,0.0,0.0,0.0,M,2.9,0.0,0.0
US1NYOD0001,"BOONVILLE 8.0 E","ONEIDA",1445,-75.17,43.48,M,M,M,M,M,M,M,M,M,M,M,M,M,M,M,M,M,M,M,M,M,M,M,0.0,0.0,1.0,T,0.0
US1NYER0065,"BOSTON 1.5 NE","ERIE",1561,-78.72,42.65,2.0,3.0,T,0.1,0.5,T,0.0,0.0,1.0,T,0.1,0.0,0.5,0.1,3.0,5.0,T,0.0,0.0,0.0,0.0,0.0,0.0,0.0,0.0,0.1,0.0,0.0
US1NYOG0028,"BREWERTON 1.5 ESE","ONONDAGA",390,-76.11,43.23,1.5,1.6,4.0,7.1,0.0,0.6,M,M,0.7,1.5,0.7,M,9.0,0.4,M,2.3,M,M,0.0,0.0,0.0,M,M,M,M,0.2,3.5,M
USC00300870,"BREWERTON LOCK 23","ONONDAGA",377,-76.20,43.24,1.3,2.5,5.0,M,M,M,0.0,0.0,0.6,1.0,M,M,M,0.3,M,2.0,1.0,M,M,M,0.0,0.0,0.0,0.0,M,M,M,0.0
US1NYOT0004,"BRIDGEWATER 4.3 SSE","OTSEGO",1060,-75.23,42.82,2.6,T,M,0.6,0.0,0.0,T,T,3.2,0.8,1.2,0.0,8.6,0.3,0.0,0.1,0.8,0.0,0.0,0.0,0.0,0.0,0.0,0.0,0.0,0.4,0.6,0.0
USC00300937,"BROCKPORT","MONROE",498,-77.95,43.22,1.1,1.0,0.0,0.0,0.0,0.3,0.0,0.0,0.1,0.6,1.0,0.3,2.9,0.0,0.0,1.5,0.0,0.0,0.0,0.0,0.0,0.0,0.0,0.0,0.0,0.1,0.0,0.0
US1NYMR0015,"BROCKPORT 0.6 WNW","MONROE",386,-77.95,43.22,1.0,1.0,0.0,0.0,0.3,0.0,0.0,0.0,0.1,1.0,0.0,0.6,2.3,0.0,T,1.5,0.0,0.0,0.0,0.0,0.0,0.0,0.0,0.0,0.1,0.0,0.0,0.0
US1NYMR0029,"BROCKPORT 1.5 ENE","MONROE",483,-77.91,43.22,T,1.0,T,0.0,0.0,0.0,M,M,M,0.5,T,0.2,2.0,T,M,1.5,M,0.0,0.0,0.0,M,M,M,M,M,T,0.0,M
US1NYKN0025,"BROOKLYN 3.1 NW","KINGS",18,-73.99,40.68,0.1,0.0,0.0,M,M,M,M,0.0,M,8.0,M,0.0,M,0.0,0.0,M,0.0,M,M,M,M,M,0.0,0.0,M,M,0.0,0.0
USC00301011,"BUFFALO 4NE","ERIE",625,-78.84,42.95,M,M,M,M,M,M,M,M,M,M,0.8,0.0,0.4,0.0,0.4,M,M,M,M,M,0.0,0.0,0.0,0.0,0.0,0.1,M,M
US1NYER0109,"BUFFALO 6.7 N","ERIE",619,-78.87,42.99,1.5,M,M,0.0,0.0,0.2,0.0,M,0.1,T,0.6,T,0.7,0.0,0.1,0.9,T,M,0.0,0.0,0.0,M,0.0,M,M,0.5,0.0,0.0
USW00014733,"BUFFALO NIAGARA INTL","ERIE",716,-78.74,42.94,0.4,T,T,T,0.8,T,T,0.2,T,1.2,0.0,0.7,T,0.0,1.1,0.2,0.0,0.0,0.0,0.0,0.0,0.0,M,0.0,0.3,0.1,0.0,0.0
USC00301068,"BUSKIRK","RENSSELAER",507,-73.43,42.94,1.6,0.0,0.0,0.0,0.0,0.0,0.0,0.0,5.6,5.6,2.3,0.0,6.5,0.0,0.0,0.6,0.0,0.0,0.0,0.0,0.0,0.0,0.0,0.0,0.0,0.0,0.0,0.0
USC00301102,"CALLICOON CENTER","SULLIVAN",1221,-74.95,41.83,4.2,M,0.5,M,M,0.0,0.0,M,7.6,1.0,1.0,1.6,6.1,0.0,0.0,M,0.6,0.0,0.0,0.0,M,M,0.0,0.0,0.0,0.0,0.0,M
USC00301110,"CAMDEN","ONEIDA",580,-75.84,43.33,M,M,M,M,M,M,M,M,M,M,M,M,M,M,M,M,M,M,M,M,M,M,M,M,M,M,0.0,0.0
US1NYOG0010,"CAMILLUS 1.0 W","ONONDAGA",812,-76.33,43.04,4.0,1.5,1.0,0.0,0.0,T,0.0,0.0,0.3,12.0,0.5,T,7.5,1.0,0.0,3.5,4.0,0.0,0.0,0.0,0.0,0.0,0.0,0.0,0.0,T,T,0.0
USC00301211,"CARMEL 4N","PUTNAM",680,-73.65,41.47,2.3,0.1,0.0,0.0,0.0,0.0,M,M,5.0,6.4,0.3,0.2,4.0,0.0,M,0.3,0.0,0.0,0.0,0.0,0.0,0.0,0.0,0.0,0.0,0.0,0.0,0.0
US1NYTM0006,"CAROLINE CENTER 0.1 SE","TOMPKINS",1589,-76.32,42.35,2.8,0.3,0.5,1.5,M,M,0.0,0.0,5.5,2.0,1.2,T,7.2,1.5,0.1,5.4,0.5,0.0,0.0,0.0,0.0,0.0,0.0,0.0,M,0.4,T,M
US1NYJF0011,"CARTHAGE 2.0 SW","JEFFERSON",783,-75.63,43.96,M,M,M,M,M,2.0,T,M,M,M,M,M,M,M,M,M,M,M,M,M,M,M,M,M,M,M,M,M
US1NYCY0002,"CAYUGA 3.2 ESE","CAYUGA",520,-76.67,42.90,1.0,1.0,0.0,0.0,0.0,0.0,0.0,0.0,0.8,2.0,1.5,T,3.0,1.8,0.0,3.5,1.0,0.0,0.0,0.0,0.0,0.0,0.0,0.0,0.0,0.0,0.0,0.0
USC00301265,"CAYUGA LOCK NO 1","CAYUGA",380,-76.73,42.95,1.8,1.0,M,0.0,0.0,0.0,M,0.0,0.8,4.1,0.8,0.0,4.0,2.3,0.0,2.0,0.5,M,M,0.0,0.0,0.0,0.0,0.0,0.0,0.0,0.0,0.0
US1NYMD0010,"CAZENOVIA 2.9 SE","MADISON",1463,-75.81,42.90,3.0,1.0,0.2,2.0,0.0,1.5,0.0,0.0,2.0,6.2,1.0,0.0,12.5,2.0,0.3,5.0,3.0,T,0.0,0.0,0.0,0.0,0.0,0.0,0.0,0.4,T,0.0
USC00301309,"CENTERPORT","SUFFOLK",30,-73.37,40.88,1.9,0.0,0.0,0.0,0.0,0.0,0.0,0.0,2.2,8.8,0.0,0.0,0.6,0.0,0.0,M,0.0,0.0,0.0,0.0,0.0,0.0,0.0,0.0,0.0,0.0,0.0,0.0
US1NYER0122,"CHEEKTOWAGA 2.4 NW","ERIE",671,-78.78,42.93,1.8,T,T,T,T,0.5,0.0,0.0,0.1,T,1.0,0.0,0.5,T,T,1.0,T,0.0,0.0,0.0,0.0,0.0,M,0.0,M,M,0.0,0.0
US1NYER0102,"CHEEKTOWAGA 2.7 NE","ERIE",703,-78.72,42.94,2.2,T,0.0,T,T,0.8,T,0.0,0.2,T,1.2,T,0.7,T,T,1.3,T,0.0,0.0,0.0,0.0,0.0,0.0,0.0,0.0,0.4,T,0.0
US1NYCM0024,"CHEMUNG 5.7 N","CHEMUNG",1069,-76.63,42.09,0.8,0.5,0.0,0.0,0.0,0.0,0.0,0.0,6.1,0.0,0.3,0.5,2.5,0.0,0.0,3.0,0.0,0.0,0.0,0.0,0.0,0.0,0.0,0.0,0.0,0.0,0.0,0.0
US1NYMD0016,"CHITTENANGO 2.1 ESE","MADISON",683,-75.83,43.03,1.3,2.1,0.7,1.9,0.0,0.6,M,0.0,1.4,2.5,1.0,0.1,7.8,1.5,1.0,2.8,2.7,0.0,0.0,M,0.0,M,0.0,0.0,0.0,T,T,0.0
US1NYER0051,"CLARENCE CENTER 0.9 N","ERIE",627,-78.63,43.02,2.0,0.1,0.0,M,M,0.6,0.0,M,0.1,0.0,1.3,M,1.0,0.0,T,1.1,0.0,M,0.0,M,0.0,M,M,M,M,0.2,T,0.0
US1NYER0123,"CLARENCE CENTER 5.2 WNW","ERIE",581,-78.72,43.05,2.1,0.2,0.0,M,M,M,0.0,M,0.2,T,1.1,T,1.2,0.0,T,M,M,M,M,0.0,0.0,M,M,M,M,M,M,M
US1NYOG0012,"CLAY 4.6 NW","ONONDAGA",380,-76.26,43.20,1.5,1.5,2.5,5.3,M,0.8,T,0.0,1.0,1.5,0.8,0.1,10.1,0.5,0.0,2.3,1.5,T,0.0,0.0,0.0,0.0,0.0,0.0,0.0,T,1.8,0.0
US1NYSR0029,"CLIFTON PARK 2.7 S","SARATOGA",289,-73.79,42.82,3.3,0.0,M,M,M,M,0.0,M,3.0,5.0,2.6,0.0,10.0,0.0,0.0,M,0.0,0.0,0.0,0.0,0.0,M,0.0,0.0,M,0.0,T,0.0
USC00301595,"COBLESKILL 2 ESE","SCHOHARIE",1169,-74.43,42.67,2.5,0.0,M,0.0,M,M,M,M,4.0,0.0,1.0,0.0,5.0,M,M,M,0.0,M,M,M,M,M,M,M,M,0.0,M,M
US1NYPT0004,"COLD SPRING 8.1 NE","PUTNAM",451,-73.84,41.50,1.5,M,0.0,0.0,0.0,0.0,M,0.0,2.0,11.5,0.1,T,3.0,0.0,0.0,T,0.0,0.0,0.0,0.0,0.0,M,0.0,0.0,0.0,M,0.0,0.0
USC00301625,"COLDEN 1W","ERIE",1535,-78.71,42.65,2.4,3.3,1.3,1.3,0.6,0.4,0.0,0.0,1.3,0.0,0.7,0.0,0.9,0.4,2.7,6.5,1.0,0.0,0.0,0.0,0.0,0.0,0.0,0.0,0.0,0.4,0.0,0.0
US1NYER0077,"COLDEN 2.4 ENE","ERIE",1650,-78.61,42.65,2.8,4.2,1.2,1.9,0.5,0.8,0.0,0.0,1.7,T,M,0.0,1.9,0.6,4.4,9.8,0.9,0.0,0.0,0.0,M,0.0,0.0,0.0,0.0,0.6,M,0.0
USC00301708,"CONKLINGVILLE DAM","SARATOGA",808,-73.93,43.32,1.0,0.0,0.0,0.0,0.0,0.0,0.0,0.5,2.0,1.0,0.0,0.0,8.0,0.0,0.0,0.5,0.0,0.0,0.0,0.0,0.0,0.0,0.0,0.0,0.0,0.0,0.0,0.0
US1NYLW0003,"CONSTABLEVILLE 1.2 NW","LEWIS",1646,-75.45,43.58,1.5,17.0,15.0,4.0,1.0,2.0,0.0,M,0.5,1.0,2.5,0.0,9.0,1.0,0.0,4.0,1.5,0.0,0.0,0.0,0.0,M,0.0,0.0,M,1.5,0.0,0.0
USC00301752,"COOPERSTOWN","OTSEGO",1257,-74.93,42.72,2.0,1.0,0.0,1.0,0.0,0.0,0.0,0.0,5.0,1.0,1.5,9.0,6.0,0.0,0.0,3.0,0.0,0.0,0.0,0.0,0.0,0.0,0.0,0.0,2.0,3.0,0.0,0.0
US1NYOT0002,"COOPERSTOWN 0.3 S","OTSEGO",1230,-74.93,42.70,3.0,0.3,0.0,1.5,0.0,0.2,M,M,4.8,0.7,0.0,0.7,6.0,0.2,M,1.0,0.0,0.0,0.0,0.0,0.0,0.0,0.0,0.0,0.0,0.8,0.5,0.0
USC00301761,"COPAKE","COLUMBIA",550,-73.55,42.11,M,M,M,0.5,M,M,M,M,M,M,10.0,2.2,M,M,M,1.0,M,M,M,M,M,M,M,M,M,0.0,M,M
USC00301787,"CORNING","STEUBEN",1147,-77.07,42.13,2.5,0.1,0.0,0.0,0.0,0.0,0.0,0.0,2.8,0.0,0.5,0.0,1.6,0.0,0.0,1.8,0.0,0.0,0.0,0.0,0.0,0.0,0.0,M,M,0.3,0.0,M
US1NYST0030,"CORNING 0.7 NNW","STEUBEN",939,-77.06,42.16,M,M,M,0.0,0.0,0.0,M,M,M,0.0,M,M,M,0.0,M,M,0.0,0.0,0.0,0.0,0.0,0.0,M,0.0,0.0,M,0.0,M
US1NYOR0002,"CORNWALL ON HUDSON 0.6 NNW","ORANGE",167,-74.02,41.45,1.8,M,M,M,M,M,0.0,M,12.8,M,M,3.4,0.0,0.0,0.0,M,M,0.0,M,M,M,M,M,M,0.0,M,M,M
US1NYLW0010,"CROGHAN 6.2 N","LEWIS",1040,-75.37,43.98,3.0,0.5,4.0,1.5,4.0,2.5,0.2,M,T,T,2.0,0.0,12.6,2.5,0.2,3.5,1.5,0.0,0.0,0.0,0.0,0.0,0.0,0.0,0.0,T,0.0,0.0
USC00301974,"DANSVILLE","LIVINGSTON",660,-77.72,42.56,0.0,1.0,0.0,M,M,0.0,0.0,0.0,1.6,0.0,0.0,0.0,0.0,0.0,0.0,M,M,M,M,M,M,M,M,M,M,M,M,M
US1NYLV0005,"DANSVILLE 1.0 ENE","LIVINGSTON",1505,-77.68,42.57,0.9,1.3,0.9,0.0,0.0,0.0,0.0,0.0,2.3,0.0,M,0.0,0.5,0.0,3.6,3.4,M,0.0,0.0,0.0,0.0,0.0,0.0,M,M,M,M,M
US1NYLV0001,"DANSVILLE 3.6 WSW","LIVINGSTON",1516,-77.76,42.53,0.7,2.0,0.9,1.2,T,T,0.0,0.0,1.5,T,0.6,0.0,3.0,0.5,2.9,2.5,0.0,0.0,0.0,0.0,0.0,0.0,0.0,0.0,0.0,0.2,M,M
US1NYOG0002,"DE WITT 1.4 WSW","ONONDAGA",630,-76.10,43.03,2.8,1.4,0.3,0.1,0.0,0.1,0.0,0.0,1.8,6.9,0.7,T,10.1,1.5,T,4.2,2.5,0.4,0.0,0.0,0.0,0.0,0.0,0.0,0.0,0.2,T,M
US1NYDL0031,"DELANCEY 0.9 SE","DELAWARE",1527,-74.96,42.20,3.6,4.6,M,M,0.0,M,M,M,8.0,2.2,2.5,0.0,8.0,1.0,T,2.0,2.5,0.0,M,0.0,0.0,0.0,0.0,0.0,M,1.5,T,0.0
USC00302031,"DELANSON 2NE","SCHENECTADY",984,-74.17,42.77,2.0,0.0,0.0,0.0,M,0.0,0.0,0.0,5.0,2.0,0.0,0.0,7.0,0.0,0.0,0.0,0.0,0.0,0.0,0.0,0.0,0.0,M,0.0,0.0,1.0,0.0,0.0
US1NYDL0005,"DELHI 1.5 NNE","DELAWARE",1516,-74.90,42.30,3.2,1.0,0.7,0.2,0.0,0.1,0.0,0.0,6.0,3.7,1.2,T,6.0,2.0,0.0,1.2,3.0,0.0,0.0,0.0,0.0,0.0,0.0,0.0,0.0,T,T,0.0
USC00302036,"DELHI 2 SE","DELAWARE",1460,-74.90,42.25,3.0,0.5,0.0,0.0,0.0,0.0,0.0,0.0,7.3,2.2,1.0,0.0,6.0,1.0,M,1.0,2.0,0.0,0.0,0.0,0.0,0.0,0.0,0.0,0.0,0.4,0.0,M
US1NYHR0012,"DOLGEVILLE 1.9 NW","HERKIMER",1026,-74.80,43.12,3.4,2.0,0.1,1.0,T,0.6,0.0,T,2.4,T,2.4,0.0,7.4,T,0.0,1.0,1.0,0.0,0.0,0.0,0.0,M,M,0.0,0.0,0.8,T,0.0
USC00302151,"DOWLING CEECOM","SUFFOLK",5,-73.09,40.72,0.0,M,0.0,M,M,0.0,0.0,0.0,12.0,M,M,M,0.0,0.0,0.0,0.0,0.0,0.0,0.0,M,0.0,0.0,M,0.0,M,0.0,0.0,0.0
US1NYYT0006,"DUNDEE 3.3 ESE","YATES",517,-76.92,42.51,0.8,T,T,0.0,0.0,0.0,0.0,0.0,2.1,0.0,0.2,0.0,1.9,0.0,T,1.3,0.0,0.0,0.0,0.0,0.0,0.0,0.0,0.0,0.0,T,0.0,0.0
US1NYSY0012,"DUNDEE 5.7 ESE","SCHUYLER",922,-76.87,42.50,T,T,T,0.0,0.0,0.0,0.0,0.0,2.5,0.0,T,0.0,0.5,M,M,0.6,0.0,0.0,0.0,0.0,0.0,M,0.0,M,0.0,M,0.0,M
US1NYSY0011,"DUNDEE 6.2 E","SCHUYLER",1089,-76.86,42.52,T,M,M,M,0.0,T,M,0.0,3.0,T,0.2,0.0,1.5,T,M,1.7,T,0.0,0.0,M,0.0,0.0,0.0,0.0,0.0,T,T,0.0
USC00302197,"DUNKIRK","CHAUTAUQUA",631,-79.33,42.47,2.2,T,T,0.2,0.0,T,0.0,0.0,T,0.4,0.2,0.0,T,0.0,1.0,0.8,0.0,0.0,0.0,0.0,0.0,0.0,0.0,0.0,0.0,0.1,T,0.0
US1NYOD0023,"DURHAMVILLE 3.5 NNW","ONEIDA",394,-75.68,43.17,1.8,1.4,4.7,5.1,T,0.7,T,T,1.0,0.4,1.4,0.0,8.7,2.4,0.0,3.4,0.9,0.0,0.0,0.0,0.0,0.0,0.0,0.0,0.0,T,T,0.0
US1NYMD0009,"EARLVILLE 0.4 W","MADISON",1080,-75.55,42.74,3.5,T,T,1.0,0.0,0.6,0.0,0.0,4.0,4.0,1.2,T,11.0,2.0,0.0,1.0,1.5,0.0,0.0,0.0,0.0,0.0,0.0,0.0,0.0,0.5,T,0.0
US1NYMD0011,"EARLVILLE 1.6 NNW","MADISON",1091,-75.56,42.76,2.3,M,T,1.1,M,0.1,M,M,3.5,3.5,0.7,0.2,8.7,1.3,0.0,1.2,M,T,0.0,0.0,0.0,M,0.0,0.0,0.0,M,M,M
US1NYER0054,"EAST AMHERST 1.2 WNW","ERIE",584,-78.72,43.02,M,M,M,M,M,M,M,M,0.1,M,M,M,M,0.0,M,1.2,0.0,0.0,0.0,0.0,0.0,0.0,0.0,0.0,0.0,0.2,M,M
US1NYER0050,"EAST AURORA 0.1 ENE","ERIE",919,-78.62,42.77,4.6,2.2,T,0.2,0.1,0.1,0.0,0.0,0.4,0.0,0.9,0.0,0.3,0.0,0.3,4.6,0.3,0.0,0.0,0.0,0.0,M,M,M,M,0.4,0.0,0.0
US1NYER0066,"EAST AURORA 1.0 ESE","ERIE",1017,-78.60,42.76,3.5,3.0,M,T,T,0.0,0.0,0.0,0.2,T,M,M,0.2,M,6.0,M,M,M,M,M,M,M,M,M,0.2,T,M,M
US1NYSF0041,"EAST FARMINGDALE 0.9 W","SUFFOLK",68,-73.43,40.73,M,0.0,0.0,0.0,0.0,0.0,0.0,M,M,M,M,M,M,M,M,M,M,M,M,M,M,M,M,M,M,M,M,M
US1NYTM0018,"EAST ITHACA 4.7 E","TOMPKINS",1161,-76.37,42.42,2.5,T,0.8,T,M,T,0.0,0.0,4.8,M,0.8,M,M,2.2,T,5.3,0.2,0.0,0.0,0.0,M,0.0,M,0.0,0.0,M,M,0.0
USC00302366,"EAST JEWETT","GREENE",1991,-74.14,42.24,2.4,0.0,0.0,0.0,0.0,0.0,0.0,0.0,5.2,4.9,1.6,0.0,6.8,0.0,0.0,0.2,0.1,0.0,0.0,0.0,0.0,0.0,0.0,0.0,0.0,0.0,0.0,0.0
US1NYSF0019,"EAST MORICHES 0.6 WNW","SUFFOLK",42,-72.77,40.81,0.9,0.0,0.0,0.0,M,0.0,0.0,M,1.0,9.0,0.0,M,M,0.0,T,M,0.0,0.0,M,0.0,0.0,0.0,M,0.0,0.0,M,0.0,0.0
USC00302454,"EAST SIDNEY","DELAWARE",1155,-75.23,42.33,M,0.2,M,M,M,M,M,M,5.0,2.0,1.0,M,5.0,M,M,M,M,M,M,M,M,M,M,M,M,M,M,M
US1NYER0096,"ELMA 2.7 WSW","ERIE",835,-78.68,42.81,3.5,2.0,0.3,0.7,0.3,T,M,M,0.7,0.0,1.0,M,1.3,0.0,0.3,4.0,M,0.0,0.0,0.0,0.0,M,M,M,M,0.7,0.0,0.0
US1NYER0075,"ELMA CENTER 0.7 SE","ERIE",872,-78.62,42.82,4.2,T,T,T,T,0.2,M,M,0.2,0.0,0.6,M,0.3,0.0,0.4,2.4,0.1,0.0,0.0,0.0,0.0,M,M,M,M,0.5,0.0,0.0
USC00302610,"ELMIRA","CHEMUNG",947,-76.84,42.10,1.0,0.0,0.0,0.0,0.0,0.0,M,0.0,4.0,0.0,0.0,0.0,1.0,0.0,0.0,1.0,1.0,0.0,0.0,0.0,0.0,0.0,0.0,0.0,0.0,0.1,0.0,0.0
US1NYCM0013,"ELMIRA 0.7 WNW","CHEMUNG",884,-76.82,42.10,1.0,T,0.0,0.0,0.0,0.0,M,M,4.0,T,M,M,M,T,0.0,1.5,T,M,M,0.0,0.0,0.0,M,0.0,0.0,T,T,M
US1NYCM0021,"ELMIRA 1.2 WNW","CHEMUNG",932,-76.83,42.10,1.0,T,M,M,M,M,M,M,4.0,T,0.2,M,T,T,M,1.5,T,M,M,M,M,M,M,M,M,T,M,M
US1NYCM0003,"ELMIRA 1.3 ESE","CHEMUNG",840,-76.79,42.08,1.2,T,0.0,0.0,0.0,0.0,M,0.0,6.0,T,0.2,M,0.5,T,0.0,1.0,T,0.0,0.0,0.0,0.0,0.0,M,0.0,0.0,M,0.0,M
US1NYCM0006,"ELMIRA 3.2 E","CHEMUNG",1120,-76.75,42.09,T,M,M,M,M,M,M,M,5.0,M,M,M,T,0.0,0.0,0.0,0.0,0.0,0.0,0.0,0.0,0.0,0.0,0.0,0.0,M,0.0,0.0
USC00305113,"EMMONS","OTSEGO",1225,-75.01,42.47,5.4,0.4,0.0,0.3,0.0,0.2,0.0,0.0,5.1,5.8,1.7,0.0,M,1.0,0.0,0.5,0.9,0.9,0.0,0.0,0.0,0.0,0.0,0.0,0.0,1.8,0.0,0.0
US1NYBM0004,"ENDICOTT 5.2 SSE","BROOME",1040,-76.02,42.03,3.0,T,T,0.0,0.0,T,0.0,M,5.4,T,T,M,M,T,0.0,1.5,T,0.0,0.0,0.0,0.0,0.0,0.0,0.0,0.0,T,0.0,0.0
US1NYNS0007,"FLORAL PARK 0.4 W","NASSAU",79,-73.71,40.72,1.0,0.0,M,0.0,0.0,0.0,0.0,M,1.1,12.3,0.0,M,M,0.0,0.0,0.0,0.0,0.0,0.0,0.0,M,0.0,0.0,0.0,M,M,0.0,0.0
US1NYMG0002,"FONDA 5.2 W","MONTGOMERY",956,-74.48,42.96,2.3,T,T,T,T,T,T,0.0,3.5,0.3,1.5,0.4,6.5,0.0,0.0,T,0.1,0.0,0.0,0.0,0.0,0.0,0.0,0.0,0.0,0.5,0.0,0.0
US1NYCQ0006,"FORESTVILLE 2.1 SW","CHAUTAUQUA",1169,-79.20,42.45,M,6.0,M,M,M,M,M,M,M,M,M,M,M,M,7.0,3.0,M,M,M,M,M,M,M,M,M,M,M,M
US1NYMG0001,"FORT PLAIN 0.2 SE","MONTGOMERY",309,-74.63,42.93,1.9,0.0,M,T,T,T,0.0,M,2.7,0.5,1.6,0.0,6.8,M,0.0,0.4,1.2,0.0,0.0,0.0,0.0,0.0,0.0,0.0,M,M,T,M
USC00303025,"FRANKLINVILLE","CATTARAUGUS",1589,-78.46,42.33,2.0,0.5,2.0,1.0,M,1.0,0.0,0.0,1.0,1.0,0.5,0.0,1.0,0.0,2.0,4.0,1.0,0.0,0.0,0.0,0.0,0.0,0.0,0.0,0.0,1.0,0.0,0.0
US1NYCT0022,"FRANKLINVILLE 0.5 NNE","CATTARAUGUS",1603,-78.45,42.34,M,M,M,M,M,M,M,M,M,M,M,M,M,M,M,M,M,M,M,M,M,M,M,M,M,1.0,0.0,M
US1NYCQ0022,"FREDONIA 0.8 WNW","CHAUTAUQUA",680,-79.35,42.44,3.0,1.5,0.2,0.5,0.0,0.0,0.0,0.0,0.2,T,M,M,M,T,1.0,3.5,0.0,0.0,0.0,0.0,0.0,0.0,0.0,0.0,0.0,T,0.0,0.0
US1NYGR0006,"FREEHOLD 3.4 E","GREENE",754,-73.98,42.36,1.8,T,0.0,0.0,M,T,M,0.1,7.3,3.4,0.8,M,6.0,M,M,M,T,M,M,M,M,M,M,M,M,T,T,M
US1NYCR0001,"FREETOWN 1.0 NE","CORTLAND",1564,-76.02,42.53,4.5,0.7,0.1,0.2,0.0,0.2,0.0,0.0,2.8,1.5,0.9,0.1,9.0,2.3,0.1,1.4,2.0,0.0,0.0,0.0,0.0,0.0,0.0,0.0,0.0,0.3,T,0.0
USC00303050,"FREEVILLE 1 NE","TOMPKINS",1050,-76.33,42.52,2.0,0.0,1.0,0.0,0.0,0.0,0.0,0.0,3.0,0.0,M,M,M,0.0,0.0,1.5,1.0,0.0,0.0,0.0,0.0,0.0,0.0,0.0,0.0,0.0,0.0,0.0
US1NYTM0005,"FREEVILLE 1.5 NE","TOMPKINS",1073,-76.32,42.53,2.1,0.2,0.3,T,0.0,T,0.0,0.0,2.3,0.1,M,T,4.9,1.0,T,2.8,1.0,0.0,0.0,0.0,0.0,0.0,0.0,0.0,M,0.3,T,0.0
US1NYTM0023,"FREEVILLE 3.7 W","TOMPKINS",1155,-76.42,42.50,2.0,0.2,0.2,T,0.0,T,T,0.0,2.5,0.1,0.8,T,2.0,0.5,T,3.5,1.5,0.0,0.0,0.0,0.0,0.0,0.0,0.0,0.0,0.2,T,0.0
US1NYCQ0021,"FREWSBURG 3.4 SSE","CHAUTAUQUA",1446,-79.12,42.02,M,M,M,M,M,M,M,M,M,M,T,M,1.9,0.3,M,M,M,M,M,M,M,M,M,M,M,1.2,M,M
USC00303087,"FULTON","OSWEGO",360,-76.39,43.30,1.9,5.6,9.3,11.0,0.0,M,0.0,0.0,0.4,0.0,0.9,0.0,8.3,0.2,0.0,2.7,1.0,0.0,0.0,0.0,0.0,0.0,0.0,0.0,0.0,0.6,2.0,0.0
US1NYOS0020,"FULTON 0.2 W","OSWEGO",397,-76.42,43.32,1.0,7.5,8.0,11.0,0.0,0.5,0.3,0.0,0.5,0.2,0.8,0.0,8.0,T,0.0,0.8,0.2,0.0,0.0,0.0,0.0,0.0,0.0,0.0,0.0,1.0,1.0,0.0
US1NYSR0006,"GANSEVOORT 1.3 WNW","SARATOGA",296,-73.68,43.20,1.0,T,0.0,0.0,0.0,0.0,0.0,0.0,1.3,3.1,1.5,0.0,8.5,0.0,0.0,T,0.0,0.0,0.0,0.0,0.0,0.0,0.0,0.0,0.0,M,M,M
USC00303184,"GENEVA RESEARCH FARM","ONTARIO",718,-77.03,42.88,1.3,0.5,0.0,0.0,0.0,0.0,0.0,0.0,1.3,0.0,0.2,0.0,2.3,1.5,0.0,0.1,0.0,0.0,0.0,0.0,0.0,0.0,0.0,0.0,0.0,0.0,0.0,0.0
USC00303250,"GLENFIELD 1W","LEWIS",1080,-75.43,43.71,1.5,10.6,2.5,4.3,0.6,1.3,0.0,0.0,0.4,0.0,1.5,0.0,5.7,1.3,0.6,2.9,0.2,0.0,0.0,0.0,0.0,0.0,0.0,0.0,0.0,0.3,0.0,0.0
US1NYAB0032,"GLENMONT 2.5 SW","ALBANY",179,-73.80,42.58,1.0,0.0,0.0,0.0,0.0,0.0,0.0,M,4.0,12.5,1.0,0.0,10.5,0.0,0.0,0.0,0.0,0.0,0.0,0.0,0.0,0.0,0.0,0.0,0.0,M,0.0,0.0
US1NYWR0003,"GLENS FALLS 4.0 W","WARREN",470,-73.73,43.31,0.8,T,T,M,T,T,M,M,M,M,1.3,M,10.0,M,T,T,M,M,M,M,M,M,M,M,M,T,T,0.0
USW00014750,"GLENS FALLS AP","WARREN",321,-73.62,43.35,M,M,M,M,M,M,M,M,M,M,M,M,M,M,M,M,M,M,0.0,0.0,0.0,M,M,M,M,M,M,M
US1NYER0063,"GLENWOOD 1.5 SE","ERIE",1411,-78.64,42.60,3.5,3.0,1.5,1.5,0.5,0.3,0.0,0.0,0.7,T,0.5,0.0,0.5,0.2,1.7,5.5,1.5,0.0,0.0,0.0,0.0,0.0,0.0,0.0,0.0,0.2,T,0.0
USC00303322,"GLOVERSVILLE 7NW   (PECK LAKE)","FULTON",1455,-74.42,43.12,4.0,2.1,0.1,0.7,0.1,1.0,0.0,0.4,3.0,2.1,3.4,0.1,13.5,0.6,0.1,0.6,M,M,M,M,M,M,M,M,M,2.7,0.7,0.0
USC00303346,"GOUVERNEUR 3 NW","ST. LAWRENCE",420,-75.51,44.35,2.0,0.0,0.0,0.0,0.0,1.5,0.0,0.5,0.0,0.0,1.5,0.0,9.5,0.0,M,2.5,0.5,0.0,0.0,0.0,0.0,0.0,0.0,0.0,0.0,0.0,0.0,0.0
USC00303444,"GREENE","CHENANGO",920,-75.77,42.32,4.0,0.0,0.0,0.0,0.0,0.0,0.0,0.0,5.0,0.5,0.5,1.0,6.0,1.0,0.0,1.0,0.0,0.0,0.0,0.0,0.0,0.0,0.0,0.0,0.0,0.0,0.0,0.0
US1NYSR0022,"GREENFIELD CENTER 1.6 W","SARATOGA",603,-73.88,43.13,M,T,T,M,0.0,0.0,T,M,2.0,2.0,2.5,0.0,9.5,0.0,0.0,0.0,0.0,0.0,0.0,0.0,0.0,M,0.0,M,M,1.0,M,0.0
US1NYGR0007,"GREENVILLE 0.7 E","GREENE",816,-74.01,42.41,1.0,1.5,T,0.0,0.0,T,0.0,0.2,2.5,10.0,2.0,0.0,11.0,T,0.0,T,0.0,0.0,0.0,0.0,0.0,0.0,0.0,0.0,0.0,T,T,M
US1NYTM0004,"GROTON 0.5 NW","TOMPKINS",1034,-76.37,42.59,2.5,0.8,0.6,T,0.0,0.1,0.0,0.0,2.4,0.1,0.6,0.1,5.0,0.3,0.0,1.9,1.7,0.0,0.0,0.0,0.0,0.0,0.0,0.0,0.0,T,T,0.0
US1NYER0039,"HAMBURG 0.4 WSW","ERIE",792,-78.84,42.72,3.4,2.3,0.0,0.0,T,0.1,0.0,M,0.1,T,0.5,M,0.1,T,0.5,1.0,0.0,0.0,0.0,0.0,0.0,M,M,M,M,0.1,T,0.0
US1NYSL0006,"HANNAWA FALLS 0.1 SW","ST. LAWRENCE",561,-74.97,44.61,2.5,0.5,0.0,0.5,T,1.0,0.5,T,0.0,0.0,1.2,T,13.5,1.2,1.0,2.5,3.0,T,0.0,0.0,0.0,0.0,0.0,0.0,0.0,0.0,0.0,0.0
US1NYLW0002,"HARRISVILLE 4.7 SSW","LEWIS",938,-75.37,44.09,2.8,0.1,M,M,4.0,2.5,0.2,M,M,T,M,M,11.0,2.0,0.4,4.5,1.5,M,M,M,M,M,M,M,M,M,M,M
US1NYOT0011,"HARTWICK","OTSEGO",1335,-75.05,42.66,3.2,0.5,T,2.4,0.0,0.3,0.0,0.0,5.2,2.1,1.6,0.0,10.2,1.0,T,0.6,2.1,0.0,0.0,0.0,0.0,0.0,0.0,0.0,0.0,2.1,0.0,T
USC00303851,"HIGHMARKET","LEWIS",1763,-75.52,43.58,1.8,14.9,9.0,8.4,1.6,2.2,0.1,0.0,0.5,0.2,3.2,0.0,8.7,0.4,0.3,3.2,0.3,0.0,0.0,0.0,0.0,M,M,0.0,0.0,1.0,0.2,0.0
US1NYDL0025,"HOBART 4.8 ESE","DELAWARE",2220,-74.58,42.35,3.5,0.8,T,0.2,0.0,T,T,M,9.0,2.0,0.6,0.0,6.0,0.6,0.0,0.8,1.2,0.0,0.0,0.0,0.0,0.0,0.0,0.0,0.0,2.0,T,0.0
US1NYOD0043,"HOLLAND PATENT 1.1 WNW","ONEIDA",779,-75.28,43.25,2.0,5.5,1.5,4.0,1.0,1.5,T,0.1,1.5,0.5,3.0,M,11.0,M,1.0,5.0,2.5,M,M,M,M,M,M,M,M,2.0,0.5,M
US1NYOD0007,"HOLLAND PATENT 1.5 WSW","ONEIDA",590,-75.29,43.24,1.7,5.0,1.4,3.9,0.5,1.4,0.0,0.0,1.5,T,2.2,0.0,9.1,T,1.4,3.8,0.5,0.0,0.0,0.0,0.0,0.0,0.0,0.0,0.0,1.9,T,0.0
USC00303955,"HONEOYE","ONTARIO",800,-77.51,42.79,0.5,1.0,0.0,0.0,0.0,0.0,0.0,0.0,2.0,0.0,1.0,0.0,4.0,0.0,0.5,1.5,0.0,0.0,0.0,0.0,0.0,M,M,0.0,0.0,0.0,0.0,0.0
USC00303961,"HOOKER 12 NNW","LEWIS",1478,-75.72,43.85,1.7,3.9,4.5,4.5,6.2,2.0,0.0,0.0,0.1,3.0,M,0.0,8.3,0.7,1.0,5.5,1.6,0.0,0.0,0.0,0.0,0.0,0.0,M,0.0,0.9,0.0,0.0
US1NYDT0004,"HOPEWELL JUNCTION 2.4 SSE","DUTCHESS",279,-73.79,41.55,1.0,0.0,0.0,0.0,0.0,M,M,M,3.5,10.8,0.1,T,3.9,0.0,0.0,M,0.0,M,0.0,0.0,0.0,M,0.0,M,0.0,M,0.0,0.0
USC00303983,"HORNELL ALMOND DAM","STEUBEN",1325,-77.70,42.35,1.5,0.0,1.0,0.0,0.0,0.0,0.0,M,3.0,0.0,M,0.0,M,0.0,0.0,4.0,0.0,M,M,0.0,0.0,0.0,0.0,0.0,0.0,0.5,0.0,0.0
US1NYCB0001,"HUDSON 8.2 S","COLUMBIA",298,-73.77,42.13,1.0,0.0,0.0,0.0,0.0,0.0,M,M,M,M,1.0,0.0,4.0,0.0,0.0,0.0,0.0,0.0,0.0,0.0,0.0,0.0,0.0,M,0.0,M,0.0,0.0
USC00304102,"INDIAN LAKE 2SW","HAMILTON",1660,-74.27,43.76,2.0,0.5,0.2,0.6,0.0,1.0,0.8,0.8,1.5,0.2,2.0,0.0,11.2,0.7,0.6,5.4,0.7,0.0,0.0,0.0,0.0,0.0,0.0,0.0,0.0,2.8,0.0,0.0
US1NYSF0017,"ISLIP 0.2 NW","SUFFOLK",14,-73.22,40.74,M,0.0,0.0,0.0,0.0,0.0,M,M,4.0,M,0.0,M,M,0.0,0.0,0.0,0.0,0.0,0.0,0.0,0.0,M,0.0,0.0,0.0,M,0.0,0.0
USW00004781,"ISLIP-LI MACARTHUR AP","SUFFOLK",84,-73.10,40.79,0.0,0.0,0.0,0.0,0.0,0.0,0.0,0.0,14.3,T,0.0,0.4,0.0,0.0,T,0.0,0.0,0.0,0.0,0.0,0.0,0.0,M,0.0,0.0,0.0,0.0,0.0
US1NYTM0003,"ITHACA 1.1 SE","TOMPKINS",650,-76.49,42.43,0.2,T,M,M,M,T,T,0.0,2.8,0.3,0.4,0.0,1.1,0.2,0.0,2.4,0.1,0.0,0.0,0.0,0.0,0.0,0.0,0.0,0.0,T,0.4,0.0
US1NYTM0017,"ITHACA 2.6 NW","TOMPKINS",1001,-76.58,42.50,M,M,M,M,M,M,M,M,M,M,M,M,M,M,M,M,M,0.0,0.0,0.0,0.0,0.0,0.0,0.0,0.0,M,M,M
USC00304174,"ITHACA CORNELL UNIV","TOMPKINS",960,-76.45,42.45,0.6,0.0,0.8,0.0,0.0,0.0,0.0,0.0,2.2,0.3,0.4,0.0,4.0,0.2,0.0,2.0,0.5,0.0,0.0,0.0,0.0,0.0,0.0,0.0,0.0,0.0,0.0,0.0
US1NYSF0007,"JAMESPORT 0.6 SSW","SUFFOLK",20,-72.58,40.94,1.7,0.0,0.0,0.0,0.0,M,M,M,M,M,0.0,M,M,0.0,0.0,M,0.0,0.0,M,M,M,M,M,M,M,M,0.0,M
USC00304207,"JAMESTOWN 4 ENE","CHAUTAUQUA",1250,-79.16,42.11,3.0,1.4,1.3,0.0,0.8,0.0,0.0,0.0,1.0,2.0,0.4,M,1.1,0.6,1.0,7.9,0.6,0.0,0.0,0.0,0.0,0.0,0.0,0.0,0.0,1.0,1.0,0.0
USW00094789,"JFK INTL AP","QUEENS",11,-73.76,40.64,0.0,T,0.0,0.0,0.0,0.0,0.0,0.0,8.3,T,0.0,0.1,0.0,0.0,0.0,0.0,0.0,0.0,0.0,0.0,0.0,0.0,M,0.0,0.0,0.0,0.0,0.0
US1NYES0007,"KEESEVILLE 0.8 SE","ESSEX",528,-73.47,44.49,0.5,0.2,T,T,0.0,0.8,3.8,M,0.3,0.3,0.8,T,9.5,0.0,0.0,2.5,T,0.0,0.0,0.0,0.0,M,0.0,0.0,M,T,0.0,0.0
US1NYER0059,"KENMORE 0.3 ESE","ERIE",612,-78.87,42.96,2.3,T,0.0,T,0.0,0.4,0.0,0.0,0.1,0.3,1.3,0.0,0.8,T,0.1,1.2,T,0.0,0.0,0.0,0.0,0.0,0.0,0.0,0.0,0.2,T,0.0
US1NYER0057,"KENMORE 0.8 NW","ERIE",607,-78.88,42.97,2.2,T,0.0,0.0,0.0,0.2,M,M,0.1,0.1,1.2,M,0.5,T,T,0.5,0.2,M,M,M,M,M,M,M,M,0.2,0.0,0.0
US1NYCQ0005,"KENNEDY 0.3 NE","CHAUTAUQUA",1284,-79.10,42.16,4.0,M,M,M,M,M,M,M,M,M,M,M,M,M,M,M,M,M,M,M,M,M,M,M,M,M,M,M
US1NYUL0001,"KINGSTON 1.1 W","ULSTER",190,-74.02,41.93,2.3,T,T,0.0,0.0,0.0,0.0,T,3.0,8.0,1.0,T,5.5,T,M,T,0.0,0.0,0.0,0.0,0.0,0.0,0.0,0.0,0.0,0.0,T,0.0
USW00014732,"LA GUARDIA AP","QUEENS",11,-73.88,40.78,0.0,0.0,0.0,0.0,0.0,0.0,0.0,0.0,10.0,T,0.0,0.3,0.0,0.0,0.0,0.0,0.0,0.0,0.0,0.0,0.0,0.0,M,0.0,0.0,0.0,0.0,0.0
US1NYOS0001,"LACONA 3.6 SSE","OSWEGO",628,-76.04,43.60,M,12.3,14.7,14.6,3.4,1.4,M,M,M,M,1.8,M,8.2,2.7,M,3.8,2.7,M,M,M,M,M,M,M,0.0,0.2,M,M
US1NYDT0012,"LAGRANGEVILLE 3.4 NE","DUTCHESS",648,-73.72,41.68,1.6,0.0,T,M,M,M,0.0,0.0,2.0,9.0,0.5,T,3.7,0.0,0.0,0.9,0.0,0.0,0.0,0.0,0.0,0.0,0.0,0.0,0.0,0.0,0.0,0.0
USC00304537,"LAKE LUZERNE","WARREN",610,-73.83,43.26,1.0,0.0,0.0,0.0,0.0,0.0,0.0,0.0,1.0,3.0,2.3,0.0,8.5,0.0,0.0,0.0,0.0,0.0,0.0,0.0,0.0,0.0,0.0,0.0,0.0,0.0,0.0,0.0
US1NYES0001,"LAKE PLACID 1.5 N","ESSEX",1898,-73.99,44.30,2.0,0.5,T,3.0,2.5,3.0,2.5,T,1.3,0.3,1.0,T,8.5,3.0,0.0,5.5,6.5,0.1,0.0,0.0,0.0,0.0,0.0,0.0,0.0,5.0,T,T
US1NYTM0002,"LANSING 6.6 NW","TOMPKINS",850,-76.57,42.57,0.5,0.1,0.1,0.0,0.0,M,M,M,3.4,M,3.0,M,0.8,M,1.5,0.0,M,0.0,0.0,M,0.0,0.0,0.0,0.0,0.0,1.0,M,M
USC00304575,"LANSING MANOR","SCHOHARIE",1100,-74.47,42.45,4.0,M,0.0,M,0.0,0.0,0.0,0.0,6.6,M,1.0,0.5,M,M,0.0,0.0,0.3,0.0,0.0,M,0.0,M,0.0,0.0,0.0,0.0,0.0,0.0
US1NYOT0025,"LAURENS 5.5 W","OTSEGO",1704,-75.20,42.52,3.9,0.6,0.6,1.3,T,0.1,T,0.0,5.9,6.7,1.3,T,6.3,2.2,0.0,1.2,2.7,T,0.0,0.0,0.0,0.0,0.0,0.0,0.0,1.3,T,0.0
USC00304808,"LITTLE VALLEY","CATTARAUGUS",1625,-78.81,42.25,5.0,1.2,3.0,1.0,0.0,2.0,0.0,0.0,1.0,2.0,1.0,0.0,1.0,1.0,1.8,8.0,1.0,0.0,0.0,0.0,0.0,0.0,0.0,0.0,0.0,1.0,0.0,0.0
US1NYCB0008,"LIVINGSTON 0.7 SSW","COLUMBIA",242,-73.79,42.13,1.2,0.0,0.0,0.0,0.0,0.0,M,M,5.1,4.5,M,0.0,3.2,0.0,0.0,M,0.0,0.0,0.0,0.0,0.0,0.0,0.0,0.0,0.0,M,T,0.0
USC00304844,"LOCKPORT","NIAGARA",618,-78.67,43.17,0.0,0.5,0.0,0.0,0.1,0.1,0.0,0.0,0.0,1.0,0.0,2.0,0.0,M,0.6,2.5,0.0,0.0,0.0,0.0,0.0,M,0.0,0.0,0.0,1.3,0.0,0.0
US1NYNG0012,"LOCKPORT 0.8 NE","NIAGARA",521,-78.68,43.18,1.4,0.5,T,T,0.0,0.4,T,T,0.1,T,1.6,0.3,2.1,T,T,1.9,0.4,0.0,M,M,M,M,M,M,M,M,M,M
US1NYSV0006,"LONG EDDY","SULLIVAN",879,-75.13,41.85,3.0,0.5,0.5,0.0,M,0.0,M,0.0,5.5,2.0,0.3,T,5.5,0.5,0.0,T,0.0,0.0,0.0,0.0,M,0.0,0.0,0.0,0.0,M,M,0.0
US1NYDL0023,"LONG EDDY 6.5 NNE","DELAWARE",1746,-75.08,41.94,4.3,1.5,0.9,T,0.0,0.0,T,0.0,7.0,2.1,1.0,T,10.3,2.0,0.0,1.9,0.6,T,0.0,0.0,0.0,0.0,0.0,0.0,0.0,T,0.4,0.0
US1NYHM0006,"LONG LAKE 0.1 SSE","HAMILTON",1662,-74.42,43.97,1.0,0.5,T,1.0,T,1.3,M,M,M,0.5,0.5,M,14.5,2.5,1.0,6.5,3.0,M,M,M,M,M,M,M,M,0.5,M,M
USC00304912,"LOWVILLE","LEWIS",863,-75.48,43.79,5.0,5.4,1.0,3.7,0.7,2.5,0.0,M,0.4,0.3,1.4,0.0,8.0,1.0,0.1,M,0.0,0.0,0.0,0.0,0.0,0.0,0.0,0.0,0.0,0.0,0.0,0.0
US1NYNS0014,"LYNBROOK 0.3 NW","NASSAU",23,-73.68,40.66,0.2,M,M,M,M,M,M,0.0,0.9,16.1,T,0.0,M,M,M,M,M,M,M,M,M,M,0.0,0.0,M,M,0.0,0.0
USC00304939,"LYNDONVILLE","ORLEANS",337,-78.39,43.34,0.7,0.0,0.0,0.0,0.0,0.5,0.0,0.0,0.0,0.0,1.0,0.5,2.8,0.0,0.0,0.4,0.0,0.0,0.0,0.0,0.0,0.0,0.0,0.0,0.0,0.0,0.0,0.0
US1NYWN0018,"MACEDON 2.6 ESE","WAYNE",516,-77.26,43.05,2.3,1.4,0.2,T,0.0,0.2,T,0.0,1.5,1.6,1.1,0.1,1.5,1.2,0.0,0.5,0.2,0.0,0.0,0.0,0.0,0.0,0.0,0.0,0.0,T,T,0.0
USC00304996,"MALONE","FRANKLIN",880,-74.31,44.84,1.0,0.5,0.5,0.5,0.0,0.5,3.5,0.0,0.0,0.0,1.0,0.5,9.5,2.5,0.5,1.0,1.5,0.0,0.0,0.0,0.0,0.0,0.0,0.0,0.0,0.0,0.0,0.0
US1NYSR0015,"MALTA 2.6 NNW","SARATOGA",321,-73.80,43.01,M,0.0,0.0,0.0,M,0.0,M,M,M,M,M,M,M,0.0,0.0,0.0,0.0,0.0,0.0,0.0,0.0,0.0,0.0,0.0,0.0,M,0.0,0.0
US1NYJF0026,"MANNSVILLE 0.3 SE","JEFFERSON",622,-76.06,43.71,6.0,12.0,6.0,16.0,M,M,T,M,0.0,0.0,M,0.0,8.0,M,0.5,5.0,3.0,0.0,M,M,M,M,M,M,M,T,M,M
US1NYCR0005,"MARATHON 1.0 NW","CORTLAND",1030,-76.04,42.45,3.5,0.7,T,0.1,T,0.2,T,0.0,5.0,0.7,0.7,1.2,7.2,1.0,0.1,1.0,0.8,0.0,0.0,0.0,0.0,0.0,0.0,T,0.0,0.5,0.0,0.0
US1NYWN0009,"MARION 2.0 NE","WAYNE",478,-77.17,43.17,1.5,M,1.3,M,M,T,M,M,M,M,M,M,3.3,M,M,M,M,M,M,M,M,M,M,M,M,T,M,M
USW00094725,"MASSENA INTL AP","ST. LAWRENCE",214,-74.85,44.94,M,M,M,M,M,M,M,M,0.0,M,M,M,M,M,M,M,M,0.0,0.0,0.0,M,0.0,M,M,M,M,M,M
USC00305233,"MECKLENBURG 4SW","SCHUYLER",1509,-76.76,42.44,1.5,0.0,1.0,0.2,M,0.0,0.0,M,2.8,1.0,0.5,M,2.0,0.0,0.0,3.0,0.0,M,M,M,M,M,M,M,M,0.1,0.0,M
US1NYQN0002,"MIDDLE VILLAGE 0.5 SW","QUEENS",106,-73.88,40.71,1.1,M,M,M,M,M,M,M,2.2,11.5,T,M,T,M,M,M,M,M,M,M,M,M,M,M,M,M,M,M
US1NYYT0008,"MIDDLESEX 3.5 S","YATES",940,-77.27,42.65,0.7,0.8,0.2,0.0,0.0,T,T,M,2.8,M,0.4,M,4.2,T,0.5,2.2,T,M,M,M,M,M,M,M,M,0.2,M,M
US1NYDT0008,"MILLBROOK 3.2 SE","DUTCHESS",1024,-73.65,41.75,1.3,M,0.2,M,M,M,M,0.0,2.1,6.3,0.9,T,5.2,M,M,0.3,M,M,M,M,M,M,M,M,M,M,M,M
US1NYOS0015,"MINETTO 0.1 SE","OSWEGO",351,-76.48,43.40,1.7,7.7,4.1,11.0,0.0,1.5,0.2,0.0,0.1,T,0.7,0.2,7.2,T,0.0,1.5,0.1,0.0,0.0,0.0,0.0,0.0,0.0,0.0,0.0,0.3,1.2,0.0
USC00305512,"MORRISVILLE 6 SW","MADISON",1681,-75.73,42.84,2.3,M,M,M,0.0,0.5,0.0,0.0,M,9.0,1.1,0.2,10.0,3.1,0.5,4.6,2.4,0.2,0.0,0.0,0.0,0.0,0.0,0.0,0.0,1.0,0.0,0.0
USC00305597,"MOUNT MORRIS 2 W","LIVINGSTON",880,-77.91,42.73,1.0,0.0,0.0,0.0,0.0,0.0,0.0,0.0,0.0,0.0,1.0,M,0.0,0.0,0.0,0.0,0.0,0.0,M,M,0.0,0.0,0.0,0.0,0.0,0.0,0.0,0.0
USC00305606,"MOUNT SINAI","SUFFOLK",50,-73.02,40.93,0.0,0.0,0.0,0.0,0.0,0.0,0.0,0.0,11.0,0.0,0.0,1.0,0.0,0.0,0.0,0.0,0.0,0.0,0.0,0.0,0.0,0.0,0.0,0.0,0.0,0.0,0.0,0.0
US1NYMD0014,"MUNNSVILLE 2.0 SW","MADISON",1009,-75.61,42.95,2.0,1.0,0.7,1.5,T,0.5,0.0,0.0,3.0,3.0,1.0,0.4,7.0,3.0,T,2.5,3.5,0.0,0.0,0.0,0.0,0.0,0.0,0.0,0.0,2.5,0.0,0.0
US1NYYT0009,"NAPLES 5.2 E","YATES",1139,-77.30,42.60,M,0.0,M,M,0.0,M,0.0,0.0,0.0,M,0.0,M,M,0.0,0.0,M,M,0.0,0.0,M,M,0.0,M,M,M,M,0.0,0.0
US1NYGR0005,"NEW BALTIMORE 0.2 SE","GREENE",40,-73.79,42.44,2.0,0.0,M,0.0,T,M,T,0.0,4.0,9.0,2.0,T,9.0,M,M,M,M,M,M,M,M,M,M,M,M,T,T,0.0
US1NYOD0019,"NEW HARTFORD 0.8 S","ONEIDA",695,-75.29,43.06,1.7,0.8,2.4,1.9,0.0,0.1,T,T,2.4,0.3,1.2,T,7.2,0.1,0.0,1.9,0.9,0.0,0.0,0.0,M,0.0,0.0,0.0,0.0,T,T,0.0
USC00305714,"NEWCOMB","ESSEX",1647,-74.22,43.97,1.5,0.8,0.0,M,M,M,1.3,1.0,M,M,1.2,0.0,9.6,1.8,1.3,5.6,2.1,0.0,0.0,0.0,0.0,M,0.0,0.0,0.0,2.8,0.0,0.0
US1NYTM0015,"NEWFIELD 2.5 S","TOMPKINS",1598,-76.59,42.32,2.1,T,0.5,T,0.0,T,0.0,0.0,3.4,T,0.7,M,5.4,M,T,3.3,0.5,T,0.0,M,M,M,M,M,M,M,M,0.0
US1NYNG0022,"NIAGARA FALLS 5.7 E","NIAGARA",578,-78.90,43.08,1.3,0.3,0.0,M,M,M,M,M,M,0.0,M,M,M,M,M,M,M,M,M,M,0.0,M,M,M,M,0.1,0.0,M
USC00305840,"NIAGARA FALLS INT'L AP","NIAGARA",519,-78.94,43.10,1.0,0.2,0.0,0.0,0.0,0.0,0.0,0.0,0.1,0.0,1.0,0.0,0.9,0.0,0.2,2.0,1.5,0.0,0.0,0.0,0.0,0.0,0.0,0.0,0.0,0.6,0.0,0.0
US1NYSC0016,"NISKAYUNA 2.0 N","SCHENECTADY",272,-73.90,42.85,3.0,M,0.0,0.0,M,0.0,T,1.6,3.0,2.0,2.0,0.0,8.0,0.0,0.0,M,0.0,0.0,0.0,0.0,0.0,0.0,0.0,M,M,T,M,0.0
US1NYMR0012,"NORTH CHILI 0.6 NW","MONROE",608,-77.82,43.12,1.0,2.5,0.0,T,T,T,0.0,0.0,0.3,0.5,0.2,M,3.0,0.0,T,0.5,0.0,M,0.0,0.0,0.0,0.0,0.0,0.0,M,M,M,0.0
USC00305925,"NORTH CREEK 5 SE","WARREN",890,-73.90,43.66,0.5,0.0,0.0,0.0,0.0,0.3,0.2,0.8,1.5,1.4,M,M,8.5,0.0,0.0,2.0,0.0,0.0,0.0,0.0,0.0,0.0,0.0,0.0,0.0,0.7,0.0,0.0
US1NYNG0002,"NORTH TONAWANDA 1.0 NNE","NIAGARA",578,-78.86,43.06,1.5,0.5,0.0,0.0,0.0,0.3,0.0,0.0,0.1,0.0,1.2,0.0,1.1,0.0,0.0,1.1,0.3,0.0,0.0,0.0,0.0,0.0,0.0,0.0,0.0,0.2,0.0,0.0
US1NYSF0016,"NORTHPORT 1.6 NNE","SUFFOLK",84,-73.33,40.92,0.8,0.0,0.0,0.0,0.0,0.0,0.0,0.0,4.2,8.1,0.0,T,0.8,0.0,0.0,0.0,0.0,0.0,0.0,0.0,0.0,0.0,0.0,0.0,0.0,0.0,0.0,0.0
USC00306062,"NORTHVILLE","FULTON",790,-74.20,43.16,1.4,0.3,0.0,M,M,0.0,0.0,0.1,M,0.7,M,M,10.5,0.0,0.0,0.0,0.0,M,M,M,0.0,0.0,0.0,0.0,M,M,0.0,0.0
USC00306085,"NORWICH","CHENANGO",989,-75.52,42.51,3.0,0.3,0.0,0.0,0.0,0.0,0.0,0.0,5.3,M,1.0,0.0,7.0,1.5,0.0,0.5,0.5,0.0,0.0,0.0,0.0,0.0,0.0,0.0,0.0,0.0,0.0,0.0
US1NYCN0009,"NORWICH 5.4 W","CHENANGO",1498,-75.63,42.53,3.1,0.6,0.2,0.2,0.0,0.4,0.0,0.0,5.3,4.7,1.9,0.1,7.4,2.4,T,1.6,1.5,0.1,0.0,0.0,0.0,0.0,0.0,0.0,0.0,0.4,T,0.0
US1NYCN0002,"NORWICH 5.7 NE","CHENANGO",1799,-75.43,42.58,M,M,M,M,M,M,M,M,7.8,M,M,M,M,M,M,M,M,M,M,M,M,M,M,M,M,M,M,M
US1NYAB0021,"NWS ALBANY","ALBANY",260,-73.83,42.69,1.8,T,T,M,T,T,0.0,0.2,4.8,2.8,1.8,0.0,7.9,0.0,T,T,0.0,0.0,0.0,0.0,0.0,M,0.0,0.0,0.0,0.0,0.0,0.0
USW00094728,"NY CITY CENTRAL PARK","NEW YORK",130,-73.97,40.79,0.0,0.0,0.0,0.0,0.0,0.0,0.0,0.0,9.4,T,0.0,T,0.0,0.0,0.0,0.0,0.0,0.0,0.0,0.0,0.0,0.0,0.0,0.0,0.0,0.0,0.0,0.0
US1NYSL0010,"OGDENSBURG 1.6 SW","ST. LAWRENCE",279,-75.49,44.69,M,M,M,M,M,M,M,M,M,M,M,M,M,M,M,M,M,M,M,M,M,M,0.0,M,M,0.0,M,0.0
USC00306164,"OGDENSBURG 4 NE","ST. LAWRENCE",280,-75.44,44.73,2.3,M,0.0,M,M,M,1.7,0.5,0.0,0.0,M,M,9.3,0.0,1.2,1.3,M,M,M,M,M,M,M,M,M,M,M,M
USC00306196,"OLEAN","CATTARAUGUS",1420,-78.45,42.07,4.0,1.0,M,0.0,0.0,0.0,0.0,0.0,2.0,1.0,0.2,0.0,0.5,0.0,0.5,1.0,0.0,0.0,0.0,0.0,0.0,M,M,0.0,0.0,0.0,0.0,0.0
US1NYCT0006,"OLEAN 1.2 NE","CATTARAUGUS",1541,-78.41,42.09,2.6,2.6,1.8,0.2,0.1,0.0,0.0,0.0,2.7,0.9,0.2,0.0,1.9,0.1,2.0,1.6,0.4,0.0,0.0,0.0,0.0,0.0,0.0,0.0,0.0,M,M,M
US1NYES0006,"OLMSTEDVILLE 4.6 NNE","ESSEX",1507,-73.90,43.83,1.9,1.8,T,0.2,T,0.3,0.9,T,1.4,0.7,M,T,8.1,T,T,2.5,T,T,0.0,0.0,0.0,0.0,0.0,0.0,0.0,1.4,0.0,0.0
US1NYMD0022,"ONEIDA 0.4 NW","MADISON",565,-75.67,43.08,2.8,1.4,2.6,1.7,0.2,0.4,0.0,0.0,1.8,0.7,0.5,T,10.8,1.5,T,1.7,2.3,0.0,0.0,0.0,0.0,0.0,0.0,0.0,0.0,T,1.4,0.0
USC00306300,"OSCEOLA","LEWIS",1092,-75.71,43.50,3.5,18.0,20.0,6.0,6.0,3.0,0.0,0.0,1.2,0.2,4.0,0.0,18.0,3.0,2.0,6.0,2.4,0.0,0.0,0.0,0.0,0.0,0.0,0.0,0.0,2.0,1.0,0.0
US1NYOS0003,"OSWEGO 5.0 ESE","OSWEGO",456,-76.41,43.44,1.9,7.2,3.8,4.3,3.6,1.2,0.8,0.0,T,0.0,0.7,0.0,8.7,0.8,0.0,1.4,0.0,0.0,0.0,0.0,0.0,0.0,0.0,0.0,0.0,0.2,T,0.0
US1NYCN0014,"OXFORD 0.8 NNW","CHENANGO",1244,-75.60,42.45,6.0,M,M,M,M,1.0,M,M,6.0,3.0,M,M,8.3,2.1,M,1.5,M,M,M,M,M,M,M,M,M,M,M,M
USC00306376,"PALERMO 2SSE","OSWEGO",445,-76.27,43.33,1.5,6.2,3.9,8.2,0.0,0.8,0.0,0.0,0.5,0.2,0.4,0.0,8.2,0.2,0.0,3.3,0.0,0.0,0.0,0.0,M,0.0,0.0,0.0,0.0,1.4,M,M
US1NYWN0006,"PALMYRA 1.6 NW","WAYNE",498,-77.25,43.08,1.3,1.5,0.0,0.0,M,T,0.0,M,3.0,4.0,0.5,M,M,0.8,M,0.5,0.5,0.0,0.0,0.0,0.0,M,0.0,M,M,T,0.0,0.0
US1NYSC0017,"PATTERSONVILLE 4.2 SSW","SCHENECTADY",1277,-74.12,42.83,M,M,0.0,M,0.0,M,M,M,4.0,1.8,1.0,T,6.1,0.0,0.0,T,0.0,0.0,0.0,0.0,0.0,0.0,0.0,0.0,M,M,0.0,M
US1NYWC0011,"PEEKSKILL 0.4 N","WESTCHESTER",179,-73.92,41.29,1.5,0.0,0.0,0.0,0.0,0.0,M,M,4.5,5.0,M,1.0,M,0.0,0.0,M,0.0,M,M,M,M,M,M,0.0,M,M,0.0,M
US1NYYT0005,"PENN YAN 5.1 NNW","YATES",1090,-77.08,42.73,1.0,0.3,0.2,M,0.0,M,0.0,M,1.5,M,0.5,0.1,2.0,0.5,0.5,1.5,M,0.0,0.0,0.0,0.0,M,0.0,M,0.0,M,M,M
USC00306525,"PERRYSBURG","CATTARAUGUS",1210,-79.00,42.46,3.0,M,1.0,8.0,0.0,0.0,0.0,0.0,M,M,2.0,0.0,0.0,0.0,7.3,9.2,2.0,0.0,0.0,0.0,0.0,M,0.0,0.0,0.0,0.0,0.0,0.0
US1NYCL0007,"PERU 4.1 ESE","CLINTON",181,-73.45,44.56,0.8,1.2,0.4,0.8,T,0.1,6.5,1.9,0.2,0.1,0.8,T,13.6,T,T,4.5,T,T,0.0,0.0,0.0,0.0,0.0,0.0,0.0,T,0.0,0.0
US1NYCM0017,"PINE CITY 3.1 SE","CHEMUNG",1588,-76.83,42.00,M,M,M,M,M,0.0,M,M,M,M,M,M,M,M,M,M,M,M,0.0,M,M,M,M,M,M,M,M,0.0
US1NYMR0021,"PITTSFORD 4.0 SSE","MONROE",557,-77.49,43.03,2.2,1.5,0.2,0.0,M,0.2,0.0,0.0,1.6,0.5,0.6,T,3.5,1.0,T,0.5,T,0.0,0.0,0.0,0.0,0.0,0.0,0.0,0.0,0.2,0.0,0.0
USC00306649,"PLATTE CLOVE","GREENE",2032,-74.09,42.14,3.5,M,M,M,M,0.0,M,M,5.8,5.5,1.3,M,6.0,M,M,0.3,M,M,M,M,M,M,M,M,M,0.0,M,M
USC00306660,"PLATTSBURGH 1 S","CLINTON",178,-73.46,44.69,0.0,1.0,0.0,0.0,0.0,0.0,2.0,0.0,0.0,0.0,1.0,0.0,12.0,0.0,0.0,0.0,0.0,0.0,0.0,0.0,0.0,0.0,0.0,0.0,0.0,0.0,0.0,0.0
USW00064776,"PLATTSBURGH INTERNATIONAL AIRPORT","CLINTON",234,-73.47,44.65,M,M,M,M,M,M,M,M,M,M,M,M,M,M,M,M,M,M,0.0,0.0,M,M,M,M,M,M,0.0,0.0
US1NYOD0002,"POINT ROCK 0.6 SE","ONEIDA",1100,-75.54,43.37,2.9,6.8,2.9,4.8,1.2,2.5,0.5,0.0,1.0,0.1,2.7,T,11.1,0.3,0.6,5.2,1.3,0.0,0.0,0.0,0.0,0.0,0.0,0.0,0.0,3.1,T,T
USC00306774,"PORT JERVIS","ORANGE",580,-74.69,41.39,3.0,0.0,0.0,0.0,0.0,0.0,0.0,0.0,6.0,2.0,0.0,0.5,3.0,0.0,0.0,0.0,0.0,0.0,0.0,0.0,0.0,0.0,0.0,0.0,0.0,0.0,0.0,0.0
USC00306745,"PORTAGEVILLE","WYOMING",1168,-78.04,42.57,3.0,M,0.6,M,0.0,0.0,0.0,0.0,0.8,M,M,M,2.0,0.0,0.0,1.8,0.0,M,0.0,0.0,M,M,M,0.0,0.0,0.0,0.0,M
USC00306747,"PORTLAND1 SW","CHAUTAUQUA",808,-79.49,42.37,1.4,M,M,M,M,M,0.0,0.0,1.4,M,M,M,M,0.0,3.0,0.2,M,M,M,M,M,M,M,M,0.0,0.0,0.0,0.0
USC00306820,"POUGHKEEPSIE","DUTCHESS",168,-73.91,41.62,2.0,0.0,0.0,0.0,0.0,0.0,0.0,0.0,0.0,12.0,0.5,0.0,5.0,0.0,0.0,0.0,0.0,0.0,0.0,0.0,0.0,0.0,0.0,0.0,0.0,0.0,0.0,0.0
US1NYDT0010,"POUGHKEEPSIE 3.9 SSE","DUTCHESS",238,-73.90,41.65,1.3,0.0,0.0,0.0,0.0,0.0,0.0,0.0,T,10.3,0.4,0.0,3.4,0.0,0.0,T,0.0,0.0,0.0,0.0,0.0,0.0,0.0,0.0,0.0,0.0,0.0,0.0
USW00014757,"POUGHKEEPSIE AIRPORT","DUTCHESS",166,-73.88,41.63,M,M,M,M,M,M,M,M,M,M,M,M,M,M,M,M,M,M,0.0,0.0,0.0,M,M,M,M,M,M,M
USC00306867,"PULASKI","OSWEGO",399,-76.12,43.57,9.0,17.0,3.0,1.0,0.0,0.5,0.0,0.0,0.0,2.0,0.0,13.5,0.0,0.0,1.3,2.5,0.0,0.0,0.0,0.0,0.0,0.0,0.0,0.0,0.1,0.0,0.0,0.0
US1NYOS0021,"PULASKI 0.5 NE","OSWEGO",287,-76.12,43.57,T,9.0,5.0,15.2,4.0,T,0.5,T,M,0.0,T,2.0,M,5.0,0.0,1.3,2.5,0.0,0.0,0.0,0.0,M,0.0,0.0,M,0.1,T,0.0
US1NYCT0002,"RANDOLPH 1.1 ENE","CATTARAUGUS",1335,-78.96,42.17,3.0,1.0,M,1.0,M,M,M,M,2.0,M,0.5,M,2.0,M,2.5,6.0,2.0,M,M,M,M,M,M,M,M,1.0,M,M
US1NYOS0013,"REDFIELD 7.9 NNW","OSWEGO",1299,-75.88,43.64,24.0,11.0,34.0,7.0,3.0,2.0,M,M,M,M,3.0,6.0,5.0,M,2.0,7.0,1.0,M,M,M,M,M,M,M,M,2.0,M,M
US1NYAB0010,"RENSSELAERVILLE 2.1 NNW","ALBANY",1602,-74.15,42.55,2.4,0.0,T,T,T,T,0.1,M,8.5,2.1,1.4,T,7.2,0.0,0.0,T,M,0.0,0.0,0.0,0.0,0.0,0.0,M,0.0,0.4,0.3,M
US1NYOT0009,"RICHFIELD SPRINGS 0.5 ESE","OTSEGO",1350,-74.98,42.85,3.1,T,0.2,1.2,0.0,M,M,M,4.3,1.5,1.8,T,9.5,M,M,M,2.1,0.0,0.0,0.0,0.0,0.0,0.0,0.0,0.0,1.1,T,T
US1NYSF0002,"RIVERHEAD 1.3 SSE","SUFFOLK",43,-72.67,40.93,1.6,0.0,0.0,0.0,0.0,0.0,0.0,0.0,0.3,10.4,T,T,0.6,0.0,0.0,0.0,0.0,0.0,0.0,0.0,0.0,0.0,0.0,0.0,0.0,0.0,0.0,0.0
US1NYMR0036,"ROCHESTER 3.4 NNW","MONROE",402,-77.64,43.21,M,M,M,M,M,M,M,M,M,M,M,M,M,M,M,M,M,0.0,0.0,0.0,0.0,0.0,0.0,M,M,M,0.0,0.0
US1NYMR0047,"ROCHESTER 5.0 W","MONROE",539,-77.71,43.18,1.5,2.2,0.0,0.0,0.0,0.7,0.0,0.0,0.5,2.0,0.8,0.1,2.4,0.2,0.0,1.5,T,0.0,0.0,0.0,0.0,0.0,0.0,0.0,0.0,0.3,0.0,0.0
US1NYMR0023,"ROCHESTER 5.0 WNW","MONROE",430,-77.70,43.20,1.0,1.4,0.0,T,0.0,0.1,0.0,M,0.4,2.5,0.8,0.2,3.7,0.7,M,0.5,0.2,0.0,0.0,0.0,0.0,M,0.0,M,M,0.2,0.0,0.0
USW00014768,"ROCHESTER GREATER INT'L","MONROE",539,-77.68,43.12,1.0,2.4,T,T,0.1,M,0.0,T,0.8,2.5,T,1.5,4.9,T,0.3,0.8,0.1,0.0,0.0,0.0,0.0,0.0,M,0.0,0.2,T,0.0,0.0
US1NYSV0005,"ROCK HILL 2.0 NE","SULLIVAN",1557,-74.56,41.63,2.7,0.3,T,0.0,M,T,M,M,5.5,5.4,0.4,T,7.1,T,0.0,T,T,0.0,0.0,0.0,0.0,M,0.0,M,0.0,M,T,M
US1NYOD0021,"ROME 4.8 SSE","ONEIDA",555,-75.46,43.16,1.1,1.5,2.0,3.8,0.0,0.4,T,M,1.4,0.2,1.3,T,8.0,1.0,T,2.4,0.5,0.0,M,0.0,0.0,0.0,M,0.0,0.0,T,T,0.0
US1NYSF0024,"RONKONKOMA 1.4 WSW","SUFFOLK",66,-73.15,40.80,1.2,0.0,0.0,0.0,0.0,0.0,M,M,M,M,M,M,M,0.0,M,0.0,0.0,0.0,0.0,0.0,0.0,M,M,0.0,0.0,M,0.0,M
US1NYUL0016,"ROSENDALE VILLAGE 1.8 WNW","ULSTER",298,-74.11,41.86,2.9,T,0.1,0.0,0.0,0.0,0.0,0.0,6.5,6.3,1.0,T,6.8,0.0,0.0,T,0.0,0.0,0.0,0.0,0.0,0.0,0.0,0.0,0.0,T,T,0.0
US1NYUL0003,"ROSENDALE VILLAGE 2.4 NNE","ULSTER",178,-74.06,41.88,M,M,M,0.0,0.0,0.0,0.0,M,M,M,1.0,M,M,M,M,T,M,M,M,M,M,M,0.0,M,0.0,0.0,0.0,0.0
US1NYUL0004,"RUBY 0.5 NE","ULSTER",309,-74.02,42.02,M,0.0,M,0.0,0.0,0.0,M,M,11.0,0.0,1.8,0.0,8.0,0.0,M,M,M,M,M,M,M,M,M,M,M,M,M,M
USC00307329,"RUSHFORD","ALLEGANY",1600,-78.19,42.43,1.9,1.0,1.8,0.9,0.0,0.0,0.0,0.0,2.0,0.7,0.8,0.0,1.8,0.2,2.4,3.2,0.5,0.0,0.0,0.0,0.0,0.0,0.0,0.0,0.0,1.2,0.0,0.0
US1NYFK0007,"SARANAC LAKE 6.2 N","FRANKLIN",1710,-74.15,44.41,2.1,0.7,0.6,3.0,1.8,5.6,3.9,T,1.0,0.0,1.4,T,9.9,3.0,0.1,2.4,3.2,T,0.0,0.0,0.0,0.0,0.0,0.0,0.0,2.4,0.0,0.0
USW00094740,"SARANAC LAKE ADIRONDACK REGIONAL","FRANKLIN",1663,-74.21,44.39,M,M,M,M,M,M,M,M,M,M,M,M,M,M,M,M,M,M,0.0,0.0,0.0,0.0,M,M,M,M,0.0,0.0
US1NYSR0004,"SARATOGA SPRINGS 0.5 S","SARATOGA",310,-73.78,43.06,2.0,0.1,0.0,0.0,T,0.1,T,0.3,1.7,3.5,3.0,0.0,9.5,0.0,0.0,T,0.0,0.0,0.0,0.0,0.0,0.0,0.0,0.0,0.0,1.1,T,0.0
US1NYST0010,"SAVONA 4.7 S","STEUBEN",1480,-77.22,42.22,M,M,M,M,0.0,M,M,M,M,0.0,M,M,M,M,M,M,0.0,0.0,0.0,0.0,0.0,0.0,M,M,0.0,M,M,0.0
US1NYSC0011,"SCHENECTADY 3.3 E","SCHENECTADY",330,-73.86,42.79,2.3,0.0,0.0,0.0,0.0,0.0,0.2,0.0,5.2,2.2,1.8,0.5,7.5,0.0,0.0,0.0,0.0,0.0,0.0,0.0,0.0,0.0,0.0,0.0,0.0,0.0,0.0,0.0
US1NYAB0006,"SCHENECTADY 5.6 SSW","ALBANY",291,-73.93,42.72,1.0,0.0,0.0,0.0,T,0.0,0.0,M,6.0,8.5,1.5,0.0,7.5,0.0,0.0,0.0,0.0,0.0,0.0,0.0,0.0,0.0,0.0,0.0,0.0,T,0.0,0.0
USC00307520,"SCHOHARIE","SCHOHARIE",734,-74.30,42.67,2.2,0.0,0.0,0.0,0.0,0.0,0.0,0.0,4.0,1.0,1.2,0.0,5.0,0.0,0.0,0.0,0.0,0.0,0.0,0.0,0.0,0.0,0.0,0.0,0.0,0.0,0.0,0.0
US1NYES0005,"SCHROON LAKE 3.5 SW","ESSEX",1367,-73.82,43.81,M,M,M,M,M,M,M,1.0,M,M,M,0.0,10.0,0.0,0.0,M,M,0.0,0.0,0.0,0.0,0.0,0.0,0.0,M,0.4,0.0,0.0
US1NYSC0002,"SCOTIA 1.1 NW","SCHENECTADY",274,-73.97,42.84,M,M,M,0.0,T,M,M,M,M,M,2.0,0.0,M,M,M,M,M,M,0.0,M,M,M,M,M,0.0,M,M,M
USC00307705,"SHERBURNE","CHENANGO",1095,-75.51,42.68,3.0,0.0,0.0,0.2,0.0,0.1,0.0,0.0,4.7,5.0,1.0,0.5,9.0,2.5,0.0,0.0,0.2,0.0,0.0,0.0,0.0,0.0,0.0,0.0,0.0,1.0,0.0,0.0
USC00307749,"SILVER SPRINGS 3N","WYOMING",1667,-78.09,42.71,1.7,1.7,2.1,0.4,0.0,0.2,0.0,0.0,0.7,0.0,0.7,0.0,3.5,0.0,1.7,3.2,0.2,0.0,0.0,0.0,0.0,0.0,0.0,0.0,0.0,0.9,0.1,0.0
USC00307780,"SKANEATELES","ONONDAGA",875,-76.43,42.95,M,M,M,M,M,M,M,M,2.0,12.0,1.0,M,8.0,M,M,M,M,M,M,M,M,M,M,M,M,M,M,M
US1NYSY0001,"SMITH VALLEY 1.9 SE","SCHUYLER",1398,-76.72,42.39,0.7,0.1,0.7,T,0.0,0.0,T,0.0,4.8,0.4,T,T,1.9,0.3,0.3,2.4,0.2,0.0,0.0,0.0,0.0,0.0,0.0,0.0,0.0,0.3,T,0.0
USC00307842,"SODUS","WAYNE",444,-77.08,43.24,0.4,2.5,0.0,0.2,0.0,0.2,0.0,0.0,1.3,9.0,M,0.0,2.2,M,0.0,0.6,M,0.0,0.0,0.0,0.0,0.0,0.0,0.0,M,0.1,0.0,0.0
US1NYST0003,"SOUTH CORNING 4.7 S","STEUBEN",1730,-77.05,42.06,0.5,T,0.0,0.0,0.0,0.0,0.0,0.0,3.7,T,0.3,T,0.5,0.0,0.8,1.2,T,0.0,0.0,0.0,0.0,0.0,0.0,0.0,0.0,T,T,0.0
US1NYWC0006,"SOUTH SALEM 2.1 NW","WESTCHESTER",497,-73.57,41.30,1.3,T,0.0,0.0,0.0,0.0,0.0,0.0,3.0,6.6,0.1,0.1,3.6,0.0,0.0,0.0,0.0,0.0,0.0,0.0,0.0,0.0,0.0,0.0,0.0,0.0,0.0,0.0
US1NYHM0001,"SPECULATOR 10.0 SSW","HAMILTON",1722,-74.47,43.45,M,4.0,M,M,M,M,M,M,M,M,2.5,M,11.5,M,0.2,T,T,M,M,M,M,M,M,M,M,M,M,M
USC00308132,"SPRINGVILLE 5NE","ERIE",1691,-78.58,42.55,1.8,3.0,7.5,1.4,0.5,0.0,0.0,0.0,1.4,1.6,0.0,1.0,1.4,0.0,5.1,5.0,0.0,0.0,0.0,0.0,0.0,0.0,0.0,0.0,0.0,2.0,0.0,0.0
US1NYGN0006,"STAFFORD 1.8 NE","GENESEE",899,-78.05,43.00,3.4,0.9,T,0.0,T,0.2,0.0,0.0,0.1,M,1.3,0.0,3.0,0.1,T,2.6,0.3,0.0,0.0,0.0,M,M,M,M,M,1.1,T,M
US1NYRC0002,"STATEN ISLAND 1.4 SE","RICHMOND",72,-74.13,40.57,0.3,0.0,0.0,0.0,0.0,0.0,M,M,1.3,6.7,0.0,0.0,0.0,0.0,0.0,0.0,0.0,0.0,0.0,M,0.0,0.0,0.0,0.0,0.0,M,0.0,0.0
US1NYRC0001,"STATEN ISLAND 4.5 SSE","RICHMOND",35,-74.15,40.54,M,0.0,0.0,0.0,0.0,0.0,M,M,M,M,0.0,M,0.0,0.0,0.0,0.0,0.0,0.0,0.0,0.0,0.0,0.0,0.0,M,0.0,M,0.0,0.0
USC00308248,"STILLWATER RESERVOIR","HERKIMER",1690,-75.04,43.90,3.5,3.0,3.5,M,M,M,0.0,0.0,1.0,0.5,M,M,M,3.0,0.0,5.0,M,M,M,M,M,0.0,0.0,0.0,M,M,M,0.0
US1NYUL0008,"STONE RIDGE 4.9 NNW","ULSTER",508,-74.18,41.92,2.8,M,M,M,M,M,M,M,M,M,M,M,M,M,M,M,M,M,M,M,M,M,M,M,M,M,M,M
US1NYSH0003,"SUMMIT 1.3 NNW","SCHOHARIE",2123,-74.59,42.60,3.0,1.0,0.5,1.0,T,0.5,T,0.0,5.0,0.5,1.5,0.5,8.0,T,0.0,0.5,0.5,0.0,0.0,0.0,0.0,0.0,0.0,0.0,0.0,T,M,T
US1NYOG0020,"SYRACUSE 1.4 SE","ONONDAGA",585,-76.12,43.03,2.0,1.0,T,T,0.0,0.2,T,0.0,1.5,6.0,0.5,T,9.5,1.0,T,3.0,2.0,T,0.0,0.0,0.0,0.0,0.0,0.0,0.0,0.4,T,0.0
US1NYOG0052,"SYRACUSE 2.7 S","ONONDAGA",430,-76.14,43.00,1.8,1.3,T,0.0,0.0,T,0.0,M,1.6,6.1,T,T,6.0,0.5,M,2.0,1.0,0.0,0.0,0.0,0.0,0.0,0.0,M,M,T,0.0,M
USW00014771,"SYRACUSE HANCOCK INTL AP","ONONDAGA",413,-76.10,43.11,1.4,2.2,T,3.5,0.4,0.2,0.0,0.0,3.6,1.9,0.1,5.5,7.3,0.0,1.0,4.8,0.5,0.0,0.0,0.0,0.0,0.0,0.0,0.0,0.1,0.2,0.0,0.0
US1NYER0086,"TONAWANDA 1.5 NNE","ERIE",579,-78.87,43.01,0.5,0.0,0.0,0.0,T,0.0,M,M,T,T,1.0,M,M,0.0,T,1.0,0.0,0.0,0.0,M,0.0,M,0.0,M,M,M,0.0,0.0
US1NYER0072,"TONAWANDA 3.1 NE","ERIE",570,-78.83,43.01,M,M,M,M,M,M,0.0,0.0,T,0.0,1.0,0.0,0.5,M,0.5,0.5,0.0,0.0,0.0,M,0.0,0.0,0.0,M,0.0,T,M,0.0
USC00308578,"TRENTON FALLS","ONEIDA",800,-75.16,43.28,2.5,5.5,M,M,M,1.5,M,M,2.0,M,1.5,M,M,M,4.0,M,M,M,M,M,M,M,M,M,M,M,M,M
USC00308600,"TROY LOCK AND DAM","RENSSELAER",24,-73.68,42.75,0.1,M,M,M,M,M,M,M,4.5,4.5,1.7,0.0,9.5,0.0,0.0,0.0,0.0,0.0,0.0,0.0,0.0,0.0,M,0.0,0.0,M,0.0,0.0
US1NYTM0038,"TRUMANSBURG 0.4 WNW","TOMPKINS",991,-76.67,42.54,1.1,0.1,T,T,0.0,T,T,0.0,2.8,0.5,0.4,0.0,M,M,0.0,2.4,T,0.0,0.0,0.0,0.0,0.0,0.0,0.0,0.0,0.2,0.0,M
USC00308631,"TUPPER LAKE SUNMOUNT","FRANKLIN",1680,-74.44,44.23,1.0,0.0,0.0,1.5,5.0,1.5,1.0,0.0,0.5,0.0,1.5,0.0,9.0,1.0,0.0,1.0,3.0,0.0,0.0,0.0,0.0,0.0,0.0,0.0,0.0,1.0,0.0,0.0
USC00308721,"UPTON COOP - NWSFO NEW YORK","SUFFOLK",26,-72.86,40.87,1.8,0.0,0.0,0.0,0.0,0.0,M,0.0,1.8,11.7,0.0,M,0.5,0.0,0.0,0.0,0.0,0.0,0.0,M,0.0,0.0,0.0,0.0,0.0,0.0,0.0,0.0
US1NYCM0010,"VAN ETTEN 0.3 ENE","CHEMUNG",600,-76.55,42.20,2.5,0.2,0.2,M,M,M,T,M,4.3,M,0.7,T,2.2,0.6,M,2.0,0.2,M,M,M,M,M,M,M,M,T,M,M
US1NYWY0007,"VARYSBURG 3.1 E","WYOMING",1698,-78.25,42.76,3.1,2.8,2.4,M,M,M,0.0,0.0,1.1,0.0,M,M,M,M,2.9,6.8,0.4,0.0,0.0,0.0,0.0,0.0,0.0,0.0,0.0,M,M,0.0
US1NYOD0011,"VERNON 0.4 NNW","ONEIDA",614,-75.54,43.09,1.8,1.0,2.7,2.9,0.1,0.7,T,0.0,1.1,0.6,0.8,0.0,7.1,0.2,0.0,2.1,1.4,0.0,0.0,0.0,0.0,0.0,0.0,0.0,0.0,T,T,0.0
US1NYBM0040,"VESTAL 0.4 SSE","BROOME",868,-76.05,42.08,M,M,M,M,M,M,M,M,M,M,M,M,M,M,M,M,M,M,M,M,M,M,M,M,M,0.0,0.0,0.0
US1NYBM0007,"VESTAL 2.8 SSE","BROOME",994,-76.03,42.05,2.5,0.2,0.3,0.0,0.0,0.0,0.0,0.0,5.2,T,0.2,0.4,2.3,0.4,0.0,0.9,T,0.0,M,0.0,0.0,0.0,0.0,0.0,0.0,T,T,0.0
US1NYBM0034,"VESTAL 3.2 E","BROOME",1390,-75.99,42.08,2.5,1.0,1.5,0.0,0.0,T,M,M,3.8,0.7,0.5,M,3.0,0.2,0.0,2.0,T,0.0,0.0,M,0.0,M,M,M,0.0,T,0.0,M
US1NYOG0006,"VILLAGE GREEN 2.6 ESE","ONONDAGA",425,-76.27,43.12,0.5,0.3,1.6,0.1,0.0,0.1,T,0.0,0.6,1.4,1.4,0.0,6.2,0.7,0.0,0.2,2.2,0.2,0.0,0.0,0.0,0.0,0.0,0.0,0.0,0.0,T,0.0
USC00308910,"WALES","ERIE",1135,-78.59,42.74,3.1,3.2,0.3,0.3,0.2,0.1,0.0,0.0,0.2,0.1,0.4,0.0,0.4,0.0,0.7,5.6,0.2,0.0,0.0,0.0,0.0,M,M,0.0,0.0,0.4,0.0,0.0
USC00308932,"WALTON 2","DELAWARE",1480,-75.15,42.18,4.5,0.0,3.0,0.0,M,0.0,M,M,4.8,5.2,4.4,M,8.5,5.0,M,1.0,1.6,0.0,M,M,M,M,M,M,M,M,0.0,M
US1NYDL0024,"WALTON 6.5 W","DELAWARE",1249,-75.26,42.17,3.5,1.4,0.7,0.0,0.0,0.1,0.0,0.0,5.3,1.4,1.1,0.3,6.4,1.3,T,M,2.2,T,0.0,0.0,0.0,0.0,0.0,0.0,M,0.2,M,M
US1NYWN0010,"WALWORTH 1.7 SW","WAYNE",520,-77.30,43.12,M,4.8,M,M,M,M,M,M,4.5,5.4,2.8,0.3,6.1,M,M,2.1,M,M,M,M,M,M,M,M,M,0.2,M,M
US1NYDT0005,"WAPPINGERS FALLS 1.6 ESE","DUTCHESS",231,-73.89,41.59,1.3,M,0.0,0.0,0.0,0.0,M,M,3.3,7.2,0.3,M,3.8,0.0,0.0,M,0.0,0.0,0.0,0.0,0.0,0.0,0.0,M,0.0,M,0.0,M
USC00308962,"WARSAW 6 SW","WYOMING",1819,-78.22,42.69,3.8,2.0,3.5,2.2,0.0,0.5,0.0,0.0,1.7,0.0,2.0,0.0,5.0,0.0,3.4,7.5,0.0,0.0,0.0,0.0,0.0,M,M,0.0,0.0,0.6,0.5,0.0
US1NYOR0004,"WARWICK 3.2 WNW","ORANGE",621,-74.42,41.27,1.9,0.0,0.0,0.0,0.0,0.0,0.0,M,M,11.5,0.0,0.0,2.0,0.0,0.0,0.0,0.0,0.0,0.0,0.0,0.0,0.0,0.0,0.0,0.0,M,0.0,0.0
USC00308987,"WATERLOO","SENECA",452,-76.86,42.90,M,1.0,M,M,M,0.5,M,M,M,2.0,M,M,3.5,M,M,0.0,1.0,M,M,M,M,M,M,M,M,M,M,M
US1NYSY0006,"WATKINS GLEN 4.6 NW","SCHUYLER",1425,-76.94,42.42,M,0.1,0.6,T,0.0,T,0.0,0.0,2.3,T,0.2,T,1.4,0.2,0.2,M,0.1,0.0,0.0,0.0,0.0,0.0,0.0,0.0,0.0,0.3,0.0,0.0
USC00309047,"WAVERLY","TIOGA",845,-76.53,42.00,M,M,M,M,M,M,M,M,M,M,0.1,0.0,0.3,0.0,0.0,2.7,M,M,M,M,0.0,M,M,M,0.0,0.0,0.0,0.0
USC00309049,"WEBSTER 2 NE","MONROE",275,-77.39,43.24,0.8,1.7,0.1,0.0,0.1,0.0,0.0,0.0,0.6,9.8,0.0,0.8,1.7,0.0,0.0,0.6,0.3,0.0,0.0,0.0,0.0,0.0,0.0,0.0,0.0,0.6,0.0,0.0
US1NYMR0026,"WEBSTER 3.2 W","MONROE",410,-77.49,43.21,0.9,0.7,T,0.0,0.1,0.0,0.0,T,0.6,6.9,0.0,0.4,2.4,0.0,0.2,1.1,0.2,0.0,0.0,0.0,0.0,0.0,0.0,0.0,0.3,0.3,0.0,0.0
US1NYMR0024,"WEBSTER 4.4 WNW","MONROE",309,-77.50,43.25,0.4,1.1,M,M,M,M,M,M,T,6.0,6.0,M,1.1,M,M,0.5,0.1,M,M,M,M,M,M,M,M,M,M,M
USC00309072,"WELLSVILLE","ALLEGANY",1509,-77.95,42.12,2.0,0.3,0.0,0.0,0.0,0.0,0.0,0.0,3.0,0.5,0.2,M,1.0,0.0,0.2,1.5,0.0,0.0,0.0,0.0,M,M,M,0.0,0.0,0.2,0.0,0.0
US1NYAL0002,"WEST ALMOND 3.6 SW","ALLEGANY",1823,-77.94,42.27,1.6,0.5,0.2,0.3,T,0.2,0.0,0.0,2.5,1.1,0.3,0.0,3.4,0.4,2.1,2.6,0.2,0.0,0.0,0.0,0.0,0.0,M,M,M,1.3,T,0.0
USC00309089,"WEST BLOOMFIELD 1 S","ONTARIO",990,-77.53,42.88,1.0,0.8,0.0,0.0,0.0,0.0,0.0,0.0,1.5,0.0,0.4,0.0,1.8,M,0.0,0.4,0.0,0.0,0.0,0.0,0.0,0.0,0.0,0.0,0.0,0.0,0.0,0.0
US1NYRL0005,"WEST NYACK 1.3 WSW","ROCKLAND",268,-73.99,41.08,2.0,0.0,M,M,M,M,M,M,3.0,8.0,0.0,T,2.2,M,M,M,M,M,M,M,M,M,M,M,M,M,M,M
US1NYER0113,"WEST SENECA 0.4 E","ERIE",651,-78.74,42.84,3.4,2.0,0.4,T,0.2,T,M,M,0.7,0.0,1.0,M,1.0,T,T,2.4,T,0.0,0.0,0.0,0.0,M,M,M,M,0.5,0.0,0.0
USC00309248,"WESTMORELAND 4N","ONEIDA",565,-75.46,43.16,1.1,1.5,2.0,3.8,0.0,0.4,0.0,0.0,1.4,0.2,1.3,0.0,8.0,1.0,0.0,2.4,0.5,0.0,0.0,0.0,0.0,0.0,0.0,0.0,0.0,0.0,0.0,0.0
US1NYWC0003,"WHITE PLAINS 3.1 NNW","WESTCHESTER",233,-73.77,41.06,M,0.0,0.0,0.0,0.0,0.0,M,M,M,M,M,M,M,M,0.0,0.0,0.0,0.0,0.0,0.0,0.0,M,0.0,0.0,0.0,M,0.0,M
USC00309389,"WHITEHALL","WASHINGTON",119,-73.40,43.56,M,M,M,M,M,M,M,M,M,M,M,M,M,0.2,0.0,0.0,0.0,M,M,M,M,0.0,M,M,M,M,M,M
US1NYOD0042,"WHITESBORO 2.3 SW","ONEIDA",548,-75.33,43.10,1.9,0.9,2.6,2.9,0.0,0.2,0.0,0.0,2.4,0.7,1.2,0.0,6.0,T,0.0,2.5,1.0,0.0,0.0,0.0,0.0,0.0,0.0,0.0,0.0,T,T,0.0
USC00309425,"WHITESVILLE","ALLEGANY",1740,-77.76,42.04,2.4,1.2,0.2,0.0,0.0,0.0,0.0,0.0,2.4,0.2,0.3,0.0,2.1,0.0,0.2,0.5,0.0,0.0,0.0,0.0,0.0,0.0,0.0,0.0,0.0,0.2,0.0,0.0
US1NYBM0014,"WHITNEY POINT 1.7 SSE","BROOME",1266,-75.96,42.31,4.2,0.2,0.8,0.1,0.0,0.2,T,0.0,5.6,0.3,0.8,0.4,8.6,2.0,0.0,1.1,1.3,T,0.0,0.0,0.0,M,M,M,M,M,0.8,0.0
USC00309442,"WHITNEY POINT DAM","BROOME",1040,-75.97,42.34,3.0,0.0,0.0,M,M,0.0,0.0,0.0,6.0,0.0,1.0,0.0,4.0,0.0,0.0,0.7,0.0,M,M,M,0.0,0.0,M,0.0,0.0,M,M,M
US1NYCR0003,"WILLET 1.8 E","CORTLAND",1402,-75.87,42.47,4.3,0.6,T,0.2,T,0.2,T,0.0,4.2,1.6,1.0,0.4,8.8,2.2,T,1.1,2.2,T,0.0,0.0,0.0,M,M,0.0,0.0,0.2,T,T
US1NYER0104,"WILLIAMSVILLE 2.2 NNW","ERIE",589,-78.75,42.99,M,M,M,M,M,M,M,M,M,M,M,M,M,M,M,M,M,M,M,M,M,M,0.0,M,M,M,M,M
US1NYER0007,"WILLIAMSVILLE 2.7 E","ERIE",702,-78.69,42.97,2.0,T,0.0,M,T,0.8,T,0.0,0.1,T,1.2,0.0,1.0,T,T,0.7,0.0,0.0,0.0,0.0,0.0,0.0,0.0,0.0,0.0,M,0.0,0.0
USC00309499,"WILMINGTON 2W","ESSEX",2019,-73.86,44.39,1.8,1.0,0.8,M,M,M,3.2,M,3.2,M,M,M,M,1.8,0.1,5.4,2.4,M,M,M,M,M,M,M,M,M,M,M
US1NYBM0021,"WINDSOR 8.0 SE","BROOME",1666,-75.51,42.01,3.3,0.5,2.0,0.0,0.0,0.0,0.0,0.0,7.0,T,M,M,6.9,1.3,T,2.0,1.0,0.0,0.0,0.0,0.0,0.0,0.0,0.0,0.0,T,T,0.0
US1NYOT0014,"WORCESTER 4.0 SSW","OTSEGO",1680,-74.77,42.54,3.3,3.3,0.0,1.5,0.0,T,M,M,4.5,2.0,1.5,T,5.5,5.5,0.0,1.0,3.0,T,0.0,0.0,0.0,0.0,0.0,0.0,M,M,M,M
US1NYSV0008,"WURTSBORO 0.2 SSW","SULLIVAN",537,-74.49,41.57,3.0,T,T,0.0,0.0,0.0,0.0,M,8.0,5.0,0.3,0.8,6.1,0.0,0.0,0.0,0.0,0.0,0.0,0.0,0.0,0.0,0.0,M,0.0,M,M,0.0
USC00309593,"WYOMING 3W","WYOMING",1549,-78.15,42.82,4.2,1.6,0.3,1.6,0.2,0.4,0.0,0.0,0.4,0.0,0.8,9.0,4.0,0.8,1.2,3.8,0.3,0.0,0.0,0.0,0.0,0.0,0.0,0.0,0.0,1.6,0.0,0.0
US1NYWC0007,"YORKTOWN HEIGHTS 0.6 SW","WESTCHESTER",571,-73.79,41.26,1.5,0.0,0.0,0.0,0.0,0.0,M,M,2.0,6.5,0.0,0.5,2.0,0.0,0.0,M,0.0,0.0,0.0,0.0,0.0,M,0.0,0.0,0.0,M,0.0,0.0
USC00309690,"YOUNGSTOWN 2 NE","NIAGARA",280,-79.01,43.27,0.9,0.0,0.0,0.0,0.0,0.3,0.0,0.0,0.2,0.0,2.0,0.8,M,M,M,M,0.0,0.0,0.0,0.0,0.0,M,M,0.0,M,0.0,0.0,0.0
